Date,Team,Opp,VOID,GameId,HorA,Win_Odds,CS_Odds,Odds_GF,Pinn_Odds,Pinn_CS,Pinn_Goals,bet365_CS,skybet_CS,PaddyPower_CS,WilliamHill_CS,888sport_CS,betfair_CS,BetVictor_CS,UniBet_CS,MansionBet_CS,BetFred_CS,SBK_CS,BetWay_CS,BoyleSports_CS,10bet_CS,SportNation_CS,novibet_CS,VBet_CS,SportingIndex_CS,GentingBet_CS,RedZone_CS,SpreadEx_CS,bet365_Goals,skybet_Goals,PaddyPower_Goals,WilliamHill_Goals,888sport_Goals,betfair_Goals,BetVictor_Goals,UniBet_Goals,MansionBet_Goals,BetFred_Goals,SBK_Goals,BetWay_Goals,BoyleSports_Goals,10bet_Goals,SportNation_Goals,novibet_Goals,VBet_Goals,SportingIndex_Goals,GentingBet_Goals,RedZone_Goals,SpreadEx_Goals,OddsShark_GF,FiveThirtyEight_Odds,FiveThirtyEight_Goals,FiveThirtyEight_SPI,FiveThirtyEight_Importance,GamesPlayed,xG,xA,PSxG,PSxG/SoT,Sh,SoT,KP,Fls,Fld,Crs,Int,TklW,xG_A,xA_A,PSxG_A,PSxG/SoT_A,Sh_A,SoT_A,KP_A,Fls_A,Fld_A,Crs_A,Int_A,TklW_A,MatchReport_URL,Real_Sh,Real_SoT,Real_KP,Real_Fls,Real_Fld,Real_Crs,Real_Int,Real_TklW,Real_Goals,SoT%,Real_Chances,Real_xPTS,game_xG,game_xA,game_PSxG,game_PSxG/SoT,game_KP
8/27/21,Udinese,Venezia,void,0,H,57.89473684,46.03896104,1.757580634,,,,45.45454545,45.45454545,,47.61904762,,,,,,,,,,,,,47.22222222,44.44444444,,,,1.736061381,0.963210702,,0.960212202,,,,,,,,,,,,,0.982222222,0.94619666,,,,2.1,44.55,1.36,57.01,33.6,1,2.2,0.6,2.1,0.23,11,5,8,13,14,13,8,11,0.8,0.7,1.5,0.52,10,3,8,14,13,7,11,9,https://fbref.com/en/matches/2747c144/Udinese-Venezia-August-27-2021-Serie-A,21.0,10.0,16.0,13.0,7.0,8.0,22.0,11.0,3.0,0.476190476,,,,,,,
8/27/21,Venezia,Udinese,void,0,A,17.39130435,20.18181818,0.999004312,,,,20.0,18.18181818,,20.0,,,,,,,,,,,,,22.72727273,20.0,,,,0.994405594,0.763636364,,0.771799629,,,,,,,,,,,,,0.784765898,0.757337151,,,,0.7,27.37,1.01,52.26,41.1,1,0.5,0.5,0.1,0.02,8,4,7,22,3,12,10,10,2.3,0.5,1.4,0.24,11,3,6,5,20,6,13,16,https://fbref.com/en/matches/2747c144/Udinese-Venezia-August-27-2021-Serie-A,11.0,3.0,9.0,9.0,12.0,11.0,18.0,11.0,0.0,0.272727273,,,,,,,
8/27/21,Hellas Verona,Inter,void,1,H,16.66666667,14.72994326,1.14252394,,,,15.38461538,14.28571429,,15.38461538,,,,,,,,,,,,,13.88888889,14.70588235,,,,1.121052632,0.844444444,,0.861111111,,,,,,,,,,,,,0.859078591,0.826932924,,,,0.3,14.48,0.84,59.14,24.4,1,2.1,1.3,1.4,0.16,14,3,10,11,12,18,10,9,1.5,1.1,2.7,0.39,18,7,12,12,11,2,10,5,https://fbref.com/en/matches/c8bd861a/Hellas-Verona-Internazionale-August-27-2021-Serie-A,8.0,1.0,7.0,13.0,11.0,5.0,20.0,7.0,1.0,0.125,,,,,,,
8/27/21,Inter,Hellas Verona,void,1,A,61.53846154,38.93040293,2.009225446,,,,40.0,38.0952381,,40.0,,,,,,,,,,,,,38.0952381,38.46153846,,,,2.000411353,0.901098901,,0.928030303,,,,,,,,,,,,,0.938095238,0.914855072,,,,2.7,64.51,2.02,83.32,59.0,1,1.6,1.6,2.2,0.27,17,8,15,18,6,14,8,12,1.0,0.9,0.2,0.04,10,4,9,7,18,6,13,14,https://fbref.com/en/matches/c8bd861a/Hellas-Verona-Internazionale-August-27-2021-Serie-A,16.0,8.0,13.0,11.0,13.0,13.0,13.0,16.0,3.0,0.5,,,,,,,
8/28/21,Atalanta,Bologna,void,2,H,73.33333333,40.6908939,2.314408965,,,,40.0,40.0,,42.10526316,,,,,,,,,,,,,41.66666667,39.68253968,,,,2.319004525,0.815384615,,0.781954887,,,,,,,,,,,,,0.842746401,0.812954395,,,,3.5,68.98,2.35,79.5,55.5,1,1.0,0.8,1.3,0.64,7,2,5,13,17,3,3,7,1.3,1.1,1.0,0.15,21,7,14,17,13,16,13,12,https://fbref.com/en/matches/b8799a66/Atalanta-Bologna-August-28-2021-Serie-A,22.0,3.0,18.0,12.0,13.0,13.0,9.0,7.0,0.0,0.136363636,,,,,,,
8/28/21,Bologna,Atalanta,void,2,A,10.52631579,9.40872136,1.110079746,,,,9.090909091,8.333333333,,8.333333333,,,,,,,,,,,,,12.19512195,9.090909091,,,,1.110446571,0.844444444,,0.837719298,,,,,,,,,,,,,0.85338726,0.813492063,,,,0.0,12.83,0.91,58.4,17.3,1,1.5,1.2,1.8,0.26,18,7,11,13,14,8,8,7,1.6,0.3,2.0,0.56,9,3,4,15,13,8,7,12,https://fbref.com/en/matches/b8799a66/Atalanta-Bologna-August-28-2021-Serie-A,4.0,1.0,3.0,16.0,11.0,7.0,18.0,10.0,0.0,0.25,,,,,,,
8/28/21,Lazio,Spezia,void,3,H,72.72727273,46.77573741,2.208417299,,,,47.61904762,45.45454545,,48.7804878,,,,,,,,,,,,,,45.24886878,,,,2.201871658,0.821428571,,0.87854251,,,,,,,,,,,,,,0.840917364,,,,2.8,62.38,2.09,71.17,48.2,1,1.3,0.5,2.3,0.49,7,3,6,10,13,14,13,14,1.3,1.1,1.4,0.35,17,4,13,13,8,17,20,11,https://fbref.com/en/matches/cbe9b1ae/Lazio-Spezia-August-28-2021-Serie-A,17.0,9.0,14.0,13.0,11.0,7.0,3.0,9.0,6.0,0.529411765,,,,,,,
8/28/21,Spezia,Lazio,void,3,A,10.0,10.79014672,0.966645667,,,,10.0,10.52631579,,11.76470588,,,,,,,,,,,,,,10.86956522,,,,0.98030303,0.763636364,,0.771799629,,,,,,,,,,,,,,0.750843645,,,,0.2,16.72,0.98,53.23,30.8,1,0.8,0.7,0.8,0.21,12,4,9,15,15,11,16,2,2.7,1.2,2.1,0.2,19,6,12,17,13,13,12,12,https://fbref.com/en/matches/cbe9b1ae/Lazio-Spezia-August-28-2021-Serie-A,5.0,2.0,3.0,10.0,13.0,7.0,8.0,3.0,1.0,0.4,,,,,,,
8/28/21,Fiorentina,Torino,void,4,H,43.47826087,30.53419699,1.642476812,,,,30.76923077,28.57142857,,32.25806452,,,,,,,,,,,,,30.3030303,30.76923077,,,,1.64417935,0.935064935,,0.952380952,,,,,,,,,,,,,0.977207977,0.934320074,,,,1.9,42.85,1.4,61.08,25.1,1,1.3,1.2,1.7,0.21,11,8,10,15,12,10,11,6,2.7,2.3,2.6,0.43,11,6,8,12,14,6,8,8,https://fbref.com/en/matches/27657443/Fiorentina-Torino-August-28-2021-Serie-A,9.0,7.0,9.0,14.0,28.0,16.0,12.0,5.0,2.0,0.777777778,,,,,,,
8/28/21,Torino,Fiorentina,void,4,A,29.31034483,23.5476401,1.378293533,,,,23.07692308,22.22222222,,25.64102564,,,,,,,,,,,,,23.80952381,22.98850575,,,,1.361538462,0.933333333,,0.920983778,,,,,,,,,,,,,0.935532234,0.893926013,,,,0.7,29.91,1.13,58.45,27.4,1,1.3,1.1,1.0,0.15,21,7,14,17,13,16,13,12,1.0,0.8,1.3,0.64,7,2,5,13,17,3,3,7,https://fbref.com/en/matches/27657443/Fiorentina-Torino-August-28-2021-Serie-A,5.0,1.0,3.0,30.0,13.0,7.0,25.0,4.0,1.0,0.2,,,,,,,
8/28/21,Juventus,Empoli,void,5,H,80.95238095,52.42912863,2.422743112,,,,52.38095238,52.38095238,,54.54545455,,,,,,,,,,,,,53.33333333,49.5049505,,,,2.418318524,0.771428571,,0.788819876,,,,,,,,,,,,,0.809983897,0.779710145,,,,3.8,74.83,2.39,80.75,58.9,1,0.8,0.7,1.5,0.52,10,3,8,14,13,7,11,9,2.2,0.6,2.1,0.23,11,5,8,13,14,13,8,11,https://fbref.com/en/matches/4112adb3/Juventus-Empoli-August-28-2021-Serie-A,19.0,5.0,15.0,15.0,8.0,27.0,17.0,7.0,0.0,0.263157895,,,,,,,
8/28/21,Empoli,Juventus,void,5,A,6.060606061,8.27006327,0.856902283,,,,9.090909091,7.692307692,,8.333333333,,,,,,,,,,,,,9.090909091,7.142857143,,,,0.865587045,0.688644689,,0.685714286,,,,,,,,,,,,,0.708726415,0.704260034,,,,0.0,8.75,0.68,52.4,37.4,1,1.3,1.1,1.4,0.35,17,4,13,13,8,17,20,11,1.3,0.5,2.3,0.49,7,3,6,10,13,14,13,14,https://fbref.com/en/matches/4112adb3/Juventus-Empoli-August-28-2021-Serie-A,12.0,3.0,8.0,8.0,15.0,14.0,12.0,9.0,1.0,0.25,,,,,,,
8/29/21,Genoa,Napoli,void,6,H,15.38461538,14.57212885,1.130532127,,,,14.28571429,13.33333333,,14.28571429,,,,,,,,,,,,,16.25,14.70588235,,,,1.121052632,0.844444444,,0.816666667,,,,,,,,,,,,,0.857004831,0.813492063,,,,0.3,16.83,0.91,55.16,30.0,1,1.0,0.9,0.2,0.04,10,4,9,7,18,6,13,14,1.6,1.6,2.2,0.27,17,8,15,18,6,14,8,12,https://fbref.com/en/matches/744087da/Genoa-Napoli-August-29-2021-Serie-A,6.0,3.0,3.0,20.0,18.0,9.0,30.0,18.0,1.0,0.5,,,,,,,
8/29/21,Napoli,Genoa,void,6,A,63.63636364,40.96549344,2.05650668,,,,40.0,40.0,,43.47826087,,,,,,,,,,,,,41.66666667,39.68253968,,,,2.052359405,0.901098901,,0.910714286,,,,,,,,,,,,,0.945833333,0.901098901,,,,2.7,61.14,1.95,78.39,57.2,1,2.3,0.5,1.4,0.24,11,3,6,5,20,6,13,16,0.5,0.5,0.1,0.02,8,4,7,22,3,12,10,10,https://fbref.com/en/matches/744087da/Genoa-Napoli-August-29-2021-Serie-A,13.0,8.0,11.0,18.0,20.0,9.0,14.0,14.0,2.0,0.615384615,,,,,,,
8/29/21,Sassuolo,Sampdoria,void,7,H,47.61904762,29.61861668,1.811479854,,,,29.41176471,28.57142857,,30.76923077,,,,,,,,,,,,,30.76923077,28.57142857,,,,1.805860806,0.948717949,,0.960212202,,,,,,,,,,,,,0.989153108,0.924883778,,,,2.2,49.2,1.66,66.68,34.7,1,1.5,1.1,2.7,0.39,18,7,12,12,11,2,10,5,2.1,1.3,1.4,0.16,14,3,10,11,12,18,10,9,https://fbref.com/en/matches/4637a73f/Sassuolo-Sampdoria-August-29-2021-Serie-A,19.0,5.0,11.0,9.0,16.0,6.0,16.0,3.0,0.0,0.263157895,,,,,,,
8/29/21,Sampdoria,Sassuolo,void,7,A,27.41935484,19.27592855,1.43054322,,,,18.18181818,18.18181818,,20.0,,,,,,,,,,,,,20.40816327,19.60784314,,,,1.433333333,0.914285714,,0.933333333,,,,,,,,,,,,,0.957478006,0.914285714,,,,0.8,25.79,1.14,60.91,22.9,1,1.1,0.4,0.6,0.2,17,3,10,17,14,18,21,13,1.1,0.7,1.3,0.43,11,3,7,15,16,11,20,14,https://fbref.com/en/matches/4637a73f/Sassuolo-Sampdoria-August-29-2021-Serie-A,11.0,2.0,5.0,17.0,8.0,18.0,10.0,16.0,0.0,0.181818182,,,,,,,
8/29/21,Milan,Cagliari,void,8,H,67.74193548,43.9778585,2.115535474,,,,44.44444444,42.10526316,,46.51162791,,,,,,,,,,,,,45.16129032,41.66666667,,,,2.101098901,0.901098901,,0.910714286,,,,,,,,,,,,,0.944130362,0.920634921,,,,3.0,63.22,1.94,76.75,64.0,1,1.1,0.7,1.3,0.43,11,3,7,15,16,11,20,14,1.1,0.4,0.6,0.2,17,3,10,17,14,18,21,13,https://fbref.com/en/matches/0f78d641/Milan-Cagliari-August-29-2021-Serie-A,17.0,4.0,12.0,15.0,11.0,16.0,7.0,4.0,4.0,0.235294118,,,,,,,
8/29/21,Cagliari,Milan,void,8,A,12.12121212,13.8034353,1.033125165,,,,14.28571429,12.5,,13.33333333,,,,,,,,,,,,,15.38461538,13.51351351,,,,1.030769231,0.8,,0.808163265,,,,,,,,,,,,,0.806791009,0.796825397,,,,0.0,14.98,0.82,60.48,19.9,1,2.7,1.2,2.1,0.2,19,6,12,17,13,13,12,12,0.8,0.7,0.8,0.21,12,4,9,15,15,11,16,2,https://fbref.com/en/matches/0f78d641/Milan-Cagliari-August-29-2021-Serie-A,7.0,2.0,5.0,12.0,14.0,10.0,8.0,3.0,1.0,0.285714286,,,,,,,
8/29/21,Salernitana,Roma,void,9,H,17.39130435,14.63247863,1.215065648,,,,14.28571429,13.33333333,,15.38461538,,,,,,,,,,,,,15.87301587,14.28571429,,,,1.211538462,0.882591093,,0.892857143,,,,,,,,,,,,,0.898412698,0.856595512,,,,1.0,20.11,1.01,50.94,37.7,1,1.6,0.3,2.0,0.56,9,3,4,15,13,8,7,12,1.5,1.2,1.8,0.26,18,7,11,13,14,8,8,7,https://fbref.com/en/matches/3a200383/Salernitana-Roma-August-29-2021-Serie-A,5.0,0.0,4.0,14.0,10.0,10.0,16.0,14.0,0.0,0.0,,,,,,,
8/29/21,Roma,Salernitana,void,9,A,61.53846154,36.09581382,2.058569816,,,,36.36363636,34.7826087,,36.36363636,,,,,,,,,,,,,37.25490196,35.71428571,,,,2.052359405,0.901098901,,0.928030303,,,,,,,,,,,,,0.942857143,0.897074756,,,,2.0,56.65,1.85,71.74,47.9,1,2.7,2.3,2.6,0.43,11,6,8,12,14,6,8,8,1.3,1.2,1.7,0.21,11,8,10,15,12,10,11,6,https://fbref.com/en/matches/3a200383/Salernitana-Roma-August-29-2021-Serie-A,28.0,9.0,20.0,11.0,12.0,16.0,11.0,5.0,4.0,0.321428571,,,,,,,
9/11/21,Empoli,Venezia,void,10,H,53.57142857,37.34598735,1.812274058,,,,38.0952381,36.36363636,,38.46153846,,,,,,,,,,,,,35.71428571,,38.0952381,,,1.778711485,0.963210702,,0.963203463,,,,,,,,,,,,,0.606060606,,0.974074074,,,1.8,42.71,1.32,53.53,37.3,2,2.2,1.4,2.1,0.3,29,7,21,19,18,31,32,20,2.8,1.8,3.1,0.29,26,8,21,20,19,41,30,21,https://fbref.com/en/matches/0d2de0b9/Empoli-Venezia-September-11-2021-Serie-A,20.0,5.0,13.0,14.0,24.0,22.0,7.0,9.0,1.0,0.25,,,,,,,
9/11/21,Venezia,Empoli,void,10,A,22.72727273,20.09959893,1.201201442,,,,20.0,18.18181818,,20.83333333,,,,,,,,,,,,,19.60784314,,21.875,,,1.194871795,0.861538462,,0.871212121,,,,,,,,,,,,,0.859770115,,0.885281385,,,0.9,28.92,1.03,50.33,44.3,2,1.6,1.5,1.1,0.16,19,7,16,30,12,23,28,21,4.9,2.7,5.2,0.35,32,13,22,16,26,14,35,27,https://fbref.com/en/matches/0d2de0b9/Empoli-Venezia-September-11-2021-Serie-A,10.0,3.0,8.0,25.0,13.0,9.0,15.0,14.0,2.0,0.3,,,,,,,
9/11/21,Napoli,Juventus,void,11,H,39.13043478,30.08445065,1.541360142,,,,29.41176471,28.57142857,,32.25806452,,,,,,,,,,,,,29.41176471,,30.76923077,,,1.536507937,0.952380952,,0.940540541,,,,,,,,,,,,,0.928689884,,0.948681397,,,1.4,39.39,1.57,78.5,64.4,2,3.4,1.6,2.0,0.12,24,11,17,20,37,15,27,30,1.2,0.9,0.8,0.11,14,7,10,39,18,21,40,28,https://fbref.com/en/matches/4e0811bf/Napoli-Juventus-September-11-2021-Serie-A,25.0,6.0,17.0,15.0,15.0,17.0,8.0,10.0,2.0,0.24,,,,,,,
9/11/21,Juventus,Napoli,void,11,A,33.61344538,26.60093546,1.425836471,,,,26.66666667,25.0,,27.77777778,,,,,,,,,,,,,25.97402597,,27.5862069,,,1.433333333,0.933333333,,0.920983778,,,,,,,,,,,,,0.910931174,,0.930600737,,,1.3,35.89,1.49,79.9,66.3,2,2.3,2.0,2.4,0.3,29,8,23,24,19,34,28,16,3.0,0.9,2.7,0.23,23,8,16,19,24,27,20,20,https://fbref.com/en/matches/4e0811bf/Napoli-Juventus-September-11-2021-Serie-A,8.0,4.0,5.0,16.0,15.0,7.0,12.0,7.0,1.0,0.5,,,,,,,
9/11/21,Atalanta,Fiorentina,void,12,H,62.5,36.57183618,2.116179363,,,,38.0952381,34.7826087,,38.46153846,,,,,,,,,,,,,34.48275862,,37.03703704,,,2.101098901,0.901098901,,0.910714286,,,,,,,,,,,,,0.883838384,,0.984146341,,,3.1,65.5,2.01,79.31,61.2,2,1.9,1.7,1.3,0.26,29,5,23,24,28,16,12,14,1.6,1.2,1.0,0.13,25,8,17,31,23,23,31,22,https://fbref.com/en/matches/7559e08b/Atalanta-Fiorentina-September-11-2021-Serie-A,12.0,5.0,12.0,13.0,19.0,17.0,10.0,6.0,1.0,0.416666667,,,,,,,
9/11/21,Fiorentina,Atalanta,void,12,A,16.66666667,13.57936508,1.211183562,,,,12.5,13.33333333,,14.28571429,,,,,,,,,,,,,13.88888889,,13.88888889,,,1.211538462,0.861538462,,0.871212121,,,,,,,,,,,,,0.867413632,,0.910881801,,,0.2,13.55,0.78,61.66,18.6,2,2.1,2.0,3.2,0.22,20,15,19,28,38,26,23,11,3.2,2.7,3.3,0.48,16,7,11,40,26,13,33,12,https://fbref.com/en/matches/7559e08b/Atalanta-Fiorentina-September-11-2021-Serie-A,5.0,0.0,4.0,21.0,12.0,10.0,13.0,6.0,2.0,0.0,,,,,,,
9/12/21,Sampdoria,Inter,void,13,H,18.18181818,16.68348045,1.16001776,,,,16.66666667,15.38461538,,16.66666667,,,,,,,,,,,,,16.66666667,,18.03278689,,,1.161111111,0.844444444,,0.878205128,,,,,,,,,,,,,0.83956044,,0.876767677,,,0.5,14.74,0.83,60.87,21.0,2,1.7,0.8,0.7,0.14,28,5,15,31,21,36,31,29,2.4,1.5,2.3,0.29,30,8,18,23,29,17,36,17,https://fbref.com/en/matches/220af622/Sampdoria-Internazionale-September-12-2021-Serie-A,14.0,2.0,11.0,14.0,14.0,18.0,17.0,6.0,2.0,0.142857143,,,,,,,
9/12/21,Inter,Sampdoria,void,13,A,58.33333333,38.37372822,1.934120767,,,,38.0952381,38.0952381,,38.46153846,,,,,,,,,,,,,37.59398496,,39.62264151,,,1.927884615,0.923076923,,0.937965261,,,,,,,,,,,,,0.918414918,,0.963262116,,,2.4,63.96,2.0,83.35,69.1,2,3.3,2.8,4.7,0.3,33,16,28,30,19,27,21,28,1.8,1.4,0.6,0.13,18,5,16,20,29,11,33,21,https://fbref.com/en/matches/220af622/Sampdoria-Internazionale-September-12-2021-Serie-A,8.0,3.0,5.0,14.0,14.0,4.0,5.0,10.0,2.0,0.375,,,,,,,
9/12/21,Cagliari,Genoa,void,14,H,46.66666667,34.24947146,1.642788488,,,,33.33333333,33.33333333,,36.36363636,,,,,,,,,,,,,33.33333333,,34.88372093,,,1.627372627,0.935064935,,0.958605664,,,,,,,,,,,,,0.934320074,,0.989348371,,,2.1,45.11,1.49,59.57,28.2,2,3.1,1.5,2.7,0.23,26,8,17,28,25,23,20,15,3.6,2.4,3.7,0.35,29,8,21,28,25,27,23,6,https://fbref.com/en/matches/35744669/Cagliari-Genoa-September-12-2021-Serie-A,8.0,2.0,5.0,16.0,15.0,7.0,8.0,11.0,2.0,0.25,,,,,,,
9/12/21,Genoa,Cagliari,void,14,A,26.66666667,23.16864707,1.274363787,,,,23.07692308,22.22222222,,23.07692308,,,,,,,,,,,,,23.07692308,,24.3902439,,,1.275,0.9,,0.892857143,,,,,,,,,,,,,0.878429878,,0.925531915,,,0.6,28.32,1.12,55.12,33.7,2,1.6,1.3,0.9,0.12,16,7,12,24,33,15,43,32,2.8,2.7,2.7,0.17,30,16,26,33,23,23,22,26,https://fbref.com/en/matches/35744669/Cagliari-Genoa-September-12-2021-Serie-A,11.0,3.0,8.0,16.0,15.0,16.0,15.0,7.0,3.0,0.272727273,,,,,,,
9/12/21,Spezia,Udinese,void,15,H,31.25,26.19022504,1.334847442,,,,26.66666667,25.0,,27.77777778,,,,,,,,,,,,,25.3164557,,,,,1.328571429,0.9,,0.934479055,,,,,,,,,,,,,0.890625,,,,,1.2,35.73,1.36,51.4,37.3,2,1.5,0.8,1.8,0.33,17,6,12,24,27,18,24,5,5.8,3.4,7.7,0.4,36,15,26,29,22,20,15,21,https://fbref.com/en/matches/f883c757/Spezia-Udinese-September-12-2021-Serie-A,19.0,5.0,12.0,13.0,17.0,14.0,7.0,13.0,0.0,0.263157895,,,,,,,
9/12/21,Udinese,Spezia,void,15,A,42.10526316,31.13362332,1.544548774,,,,30.76923077,30.76923077,,31.25,,,,,,,,,,,,,31.74603175,,,,,1.536507937,0.952380952,,0.955555556,,,,,,,,,,,,,0.933750652,,,,,1.4,38.09,1.41,58.68,23.7,2,4.8,2.8,5.9,0.34,32,15,24,24,20,21,30,22,1.8,1.7,2.6,0.44,21,6,17,22,22,18,29,20,https://fbref.com/en/matches/f883c757/Spezia-Udinese-September-12-2021-Serie-A,9.0,4.0,8.0,18.0,13.0,8.0,18.0,16.0,1.0,0.444444444,,,,,,,
9/12/21,Torino,Salernitana,void,16,H,61.53846154,44.4070587,1.867014603,,,,45.45454545,42.10526316,,45.45454545,,,,,,,,,,,,,43.85964912,,45.16129032,,,1.861042184,0.923076923,,0.948717949,,,,,,,,,,,,,0.932844933,,0.977083333,,,2.0,49.06,1.49,58.01,37.3,2,1.8,1.5,1.8,0.22,26,8,17,45,25,23,38,16,1.8,1.7,2.8,0.31,16,9,14,26,43,19,15,12,https://fbref.com/en/matches/5f201a49/Torino-Salernitana-September-12-2021-Serie-A,15.0,6.0,11.0,11.0,9.0,18.0,7.0,6.0,4.0,0.4,,,,,,,
9/12/21,Salernitana,Torino,void,16,A,15.38461538,17.6630085,1.021105718,,,,18.18181818,16.66666667,,17.24137931,,,,,,,,,,,,,17.54385965,,18.68131868,,,0.994405594,0.8,,0.808163265,,,,,,,,,,,,,0.771059278,,0.808823529,,,0.7,24.05,0.96,48.94,44.8,2,1.9,0.6,2.0,0.56,14,3,8,27,23,18,23,26,3.5,2.5,4.9,0.3,46,16,31,24,26,24,19,12,https://fbref.com/en/matches/5f201a49/Torino-Salernitana-September-12-2021-Serie-A,8.0,2.0,5.0,11.0,11.0,13.0,6.0,7.0,0.0,0.25,,,,,,,
9/12/21,Milan,Lazio,void,17,H,44.44444444,28.19981326,1.7103922,,,,28.57142857,26.66666667,,27.77777778,,,,,,,,,,,,,28.57142857,,29.41176471,,,1.701871658,0.979020979,,0.96969697,,,,,,,,,,,,,0.93306288,,0.968308515,,,2.2,47.6,1.71,77.36,65.1,2,3.8,2.4,4.2,0.47,28,7,19,28,26,27,27,18,1.5,0.7,1.2,0.24,24,5,15,28,26,28,29,16,https://fbref.com/en/matches/fe2d72aa/Milan-Lazio-September-12-2021-Serie-A,20.0,3.0,13.0,12.0,19.0,15.0,19.0,12.0,2.0,0.15,,,,,,,
9/12/21,Lazio,Milan,void,17,A,30.15873016,21.53779024,1.478140748,,,,22.22222222,20.0,,21.73913043,,,,,,,,,,,,,21.50537634,,22.22222222,,,1.463403263,0.933333333,,0.955555556,,,,,,,,,,,,,0.914285714,,0.942307692,,,0.7,27.96,1.26,72.65,58.8,2,4.4,2.7,7.9,0.52,24,12,20,22,22,21,16,23,2.0,1.2,2.4,0.42,22,6,16,22,20,24,28,14,https://fbref.com/en/matches/fe2d72aa/Milan-Lazio-September-12-2021-Serie-A,8.0,5.0,5.0,19.0,11.0,9.0,18.0,10.0,0.0,0.625,,,,,,,
9/12/21,Roma,Sassuolo,void,18,H,61.9047619,33.47863993,2.100470726,,,,33.33333333,33.33333333,,33.33333333,,,,,,,,,,,,,32.25806452,,35.13513514,,,2.093162393,0.882051282,,0.910714286,,,,,,,,,,,,,0.905190905,,0.911234764,,,2.5,50.65,1.85,73.57,53.3,2,4.6,3.6,5.6,0.37,39,15,28,23,26,22,19,13,1.6,1.5,1.7,0.21,16,8,14,27,22,20,27,20,https://fbref.com/en/matches/e3c9a6a7/Roma-Sassuolo-September-12-2021-Serie-A,18.0,6.0,15.0,7.0,11.0,10.0,7.0,6.0,2.0,0.333333333,,,,,,,
9/12/21,Sassuolo,Roma,void,18,A,17.39130435,13.25569358,1.333088589,,,,12.5,12.5,,14.28571429,,,,,,,,,,,,,12.5,,14.49275362,,,1.328571429,0.9,,0.920983778,,,,,,,,,,,,,0.887527948,,0.914074074,,,0.7,25.97,1.27,66.95,38.8,2,2.9,1.9,3.7,0.31,37,12,23,20,24,8,26,8,2.8,1.6,1.5,0.11,25,5,15,25,19,36,20,25,https://fbref.com/en/matches/e3c9a6a7/Roma-Sassuolo-September-12-2021-Serie-A,14.0,7.0,13.0,11.0,5.0,9.0,10.0,7.0,1.0,0.5,,,,,,,
9/13/21,Bologna,Hellas Verona,void,19,H,45.45454545,29.26664057,1.748390212,,,,29.41176471,28.57142857,,29.41176471,,,,,,,,,,,,,28.16901408,,30.76923077,,,1.736061381,0.919254658,,0.963203463,,,,,,,,,,,,,0.944841012,,0.978590544,,,2.0,40.82,1.41,58.94,21.2,2,1.8,1.3,1.9,0.23,22,8,14,27,24,15,26,17,2.6,1.1,2.1,0.29,31,6,22,26,24,21,16,19,https://fbref.com/en/matches/d304dec3/Bologna-Hellas-Verona-September-13-2021-Serie-A,16.0,5.0,11.0,16.0,23.0,14.0,7.0,8.0,1.0,0.3125,,,,,,,
9/13/21,Hellas Verona,Bologna,void,19,A,29.41176471,21.07221542,1.433325904,,,,20.0,20.0,,21.05263158,,,,,,,,,,,,,21.05263158,,23.25581395,,,1.433333333,0.914285714,,0.940540541,,,,,,,,,,,,,0.92221993,,0.95625,,,0.8,32.44,1.23,59.09,28.8,2,2.9,1.7,1.9,0.24,22,4,17,24,23,23,30,16,3.2,2.3,5.3,0.35,34,15,25,24,24,15,23,21,https://fbref.com/en/matches/d304dec3/Bologna-Hellas-Verona-September-13-2021-Serie-A,6.0,0.0,4.0,24.0,15.0,11.0,5.0,10.0,0.0,0.0,,,,,,,
9/17/21,Sassuolo,Torino,void,20,H,51.11111111,,,,,,,,,,,,,,,,,,,,,,,,,,,,,,,,,,,,,,,,,,,,,,,,2.1,49.98,1.71,66.95,28.2,3,4.4,3.4,5.0,0.26,51,19,36,31,29,17,36,15,5.6,3.6,2.5,0.15,43,11,30,32,30,46,27,31,https://fbref.com/en/matches/89e42420/Sassuolo-Torino-September-17-2021-Serie-A,10.0,2.0,6.0,9.0,24.0,5.0,7.0,8.0,0.0,0.2,,,,,,,
9/17/21,Torino,Sassuolo,void,20,A,23.80952381,,,,,,,,,,,,,,,,,,,,,,,,,,,,,,,,,,,,,,,,,,,,,,,,0.8,25.41,1.15,59.8,22.4,3,3.6,3.0,4.7,0.34,41,14,28,55,34,41,45,22,2.0,1.8,3.0,0.28,24,11,19,37,53,32,21,19,https://fbref.com/en/matches/89e42420/Sassuolo-Torino-September-17-2021-Serie-A,18.0,3.0,17.0,24.0,9.0,15.0,13.0,7.0,1.0,0.166666667,,,,,,,
9/18/21,Genoa,Fiorentina,void,21,H,29.41176471,,,,,,,,,,,,,,,,,,,,,,,,,,,,,,,,,,,,,,,,,,,,,,,,0.7,34.42,1.23,55.62,29.7,3,2.8,2.3,3.2,0.32,27,10,20,38,47,31,58,39,4.3,2.9,4.2,0.19,38,18,31,48,36,30,30,37,https://fbref.com/en/matches/4b9e4487/Genoa-Fiorentina-September-18-2021-Serie-A,8.0,2.0,3.0,14.0,16.0,4.0,23.0,9.0,1.0,0.25,,,,,,,
9/18/21,Fiorentina,Genoa,void,21,A,43.90243902,,,,,,,,,,,,,,,,,,,,,,,,,,,,,,,,,,,,,,,,,,,,,,,,1.9,38.15,1.31,62.57,23.3,3,3.8,2.2,5.0,0.22,25,15,23,47,50,36,36,17,5.7,4.4,5.1,0.35,28,12,23,53,44,30,43,18,https://fbref.com/en/matches/4b9e4487/Genoa-Fiorentina-September-18-2021-Serie-A,16.0,5.0,11.0,17.0,14.0,13.0,16.0,13.0,2.0,0.3125,,,,,,,
9/18/21,Inter,Bologna,void,22,H,71.42857143,,,,,,,,,,,,,,,,,,,,,,,,,,,,,,,,,,,,,,,,,,,,,,,,3.4,69.45,2.26,81.99,52.6,3,4.0,3.3,5.7,0.3,41,19,33,43,31,31,26,38,3.1,2.4,1.9,0.28,32,7,27,32,42,29,50,27,https://fbref.com/en/matches/0b704522/Internazionale-Bologna-September-18-2021-Serie-A,18.0,11.0,13.0,11.0,11.0,6.0,15.0,6.0,6.0,0.611111111,,,,,,,
9/18/21,Bologna,Inter,void,22,A,11.11111111,,,,,,,,,,,,,,,,,,,,,,,,,,,,,,,,,,,,,,,,,,,,,,,,0.0,12.02,0.82,60.14,24.8,3,3.3,2.1,3.6,0.28,38,13,25,41,45,29,33,25,3.0,1.4,2.1,0.29,37,6,26,47,37,32,21,29,https://fbref.com/en/matches/0b704522/Internazionale-Bologna-September-18-2021-Serie-A,8.0,2.0,7.0,11.0,11.0,12.0,11.0,9.0,1.0,0.25,,,,,,,
9/18/21,Salernitana,Atalanta,void,23,H,8.333333333,,,,,,,,,,,,,,,,,,,,,,,,,,,,,,,,,,,,,,,,,,,,,,,,0.0,12.17,0.81,46.91,37.1,3,2.2,0.8,2.3,0.39,22,5,13,38,33,31,29,33,5.3,4.0,7.8,0.36,61,22,42,34,35,42,26,18,https://fbref.com/en/matches/d54b884f/Salernitana-Atalanta-September-18-2021-Serie-A,11.0,1.0,9.0,22.0,14.0,10.0,16.0,13.0,0.0,0.090909091,,,,,,,
9/18/21,Atalanta,Salernitana,void,23,A,75.0,,,,,,,,,,,,,,,,,,,,,,,,,,,,,,,,,,,,,,,,,,,,,,,,3.1,68.91,2.21,78.03,59.3,3,4.4,3.4,3.0,0.22,41,10,35,37,46,33,22,20,3.3,1.4,2.8,0.13,30,8,21,50,35,33,44,28,https://fbref.com/en/matches/d54b884f/Salernitana-Atalanta-September-18-2021-Serie-A,10.0,3.0,8.0,15.0,18.0,6.0,15.0,5.0,1.0,0.3,,,,,,,
9/19/21,Empoli,Sampdoria,void,24,H,38.0952381,,,,,,,,,,,,,,,,,,,,,,,,,,,,,,,,,,,,,,,,,,,,,,,,1.1,33.23,1.18,53.09,38.7,3,4.1,2.1,4.6,0.32,49,12,34,31,39,53,39,29,4.4,3.2,4.9,0.37,36,11,29,41,30,50,45,35,https://fbref.com/en/matches/03406df1/Empoli-Sampdoria-September-19-2021-Serie-A,15.0,4.0,13.0,11.0,15.0,20.0,6.0,9.0,0.0,0.266666667,,,,,,,
9/19/21,Sampdoria,Empoli,void,24,A,37.66233766,,,,,,,,,,,,,,,,,,,,,,,,,,,,,,,,,,,,,,,,,,,,,,,,1.5,38.93,1.3,62.46,19.3,3,3.0,1.8,2.0,0.29,42,7,26,43,34,54,48,35,3.1,2.0,3.3,0.3,38,11,23,36,41,21,41,27,https://fbref.com/en/matches/03406df1/Empoli-Sampdoria-September-19-2021-Serie-A,14.0,8.0,12.0,15.0,10.0,11.0,19.0,12.0,3.0,0.571428571,,,,,,,
9/19/21,Venezia,Spezia,void,25,H,40.0,,,,,,,,,,,,,,,,,,,,,,,,,,,,,,,,,,,,,,,,,,,,,,,,1.7,38.34,1.37,50.26,42.1,3,3.1,2.9,2.9,0.29,29,10,24,51,23,32,43,35,6.8,3.4,7.7,0.35,52,18,35,28,47,36,42,36,https://fbref.com/en/matches/e9413955/Venezia-Spezia-September-19-2021-Serie-A,14.0,3.0,8.0,15.0,11.0,13.0,15.0,10.0,1.0,0.214285714,,,,,,,
9/19/21,Spezia,Venezia,void,25,A,33.33333333,,,,,,,,,,,,,,,,,,,,,,,,,,,,,,,,,,,,,,,,,,,,,,,,0.8,34.9,1.29,51.64,45.6,3,2.8,1.6,2.1,0.2,36,11,24,36,39,32,31,18,6.5,4.0,9.6,0.41,45,19,34,43,34,28,33,37,https://fbref.com/en/matches/e9413955/Venezia-Spezia-September-19-2021-Serie-A,12.0,3.0,11.0,11.0,15.0,13.0,7.0,12.0,2.0,0.25,,,,,,,
9/19/21,Lazio,Cagliari,void,26,H,67.74193548,,,,,,,,,,,,,,,,,,,,,,,,,,,,,,,,,,,,,,,,,,,,,,,,2.8,55.54,1.86,70.45,43.2,3,4.7,2.8,8.0,0.37,32,17,25,40,30,30,34,33,5.1,3.2,4.3,0.49,42,9,29,31,38,39,47,26,https://fbref.com/en/matches/928e3270/Lazio-Cagliari-September-19-2021-Serie-A,28.0,10.0,21.0,5.0,14.0,24.0,12.0,7.0,2.0,0.357142857,,,,,,,
9/19/21,Cagliari,Lazio,void,26,A,13.15789474,,,,,,,,,,,,,,,,,,,,,,,,,,,,,,,,,,,,,,,,,,,,,,,,0.4,21.24,1.06,58.77,27.0,3,4.5,1.8,4.2,0.25,34,10,22,43,38,30,28,26,4.7,3.3,6.0,0.47,40,11,29,42,39,43,38,13,https://fbref.com/en/matches/928e3270/Lazio-Cagliari-September-19-2021-Serie-A,10.0,3.0,9.0,13.0,5.0,9.0,11.0,14.0,2.0,0.3,,,,,,,
9/19/21,Hellas Verona,Roma,void,27,H,24.3902439,,,,,,,,,,,,,,,,,,,,,,,,,,,,,,,,,,,,,,,,,,,,,,,,0.6,23.35,1.06,58.25,30.3,3,3.3,2.0,1.9,0.24,28,4,21,45,36,34,35,26,4.7,3.2,7.1,0.35,50,20,36,38,45,29,30,29,https://fbref.com/en/matches/ae8f060f/Hellas-Verona-Roma-September-19-2021-Serie-A,10.0,6.0,7.0,18.0,16.0,7.0,6.0,4.0,3.0,0.6,,,,,,,
9/19/21,Roma,Hellas Verona,void,27,A,51.28205128,,,,,,,,,,,,,,,,,,,,,,,,,,,,,,,,,,,,,,,,,,,,,,,,2.0,52.03,1.71,73.51,51.6,3,7.5,5.6,6.6,0.32,57,21,43,30,37,32,26,19,3.1,3.0,3.0,0.2,30,15,27,38,27,29,37,27,https://fbref.com/en/matches/ae8f060f/Hellas-Verona-Roma-September-19-2021-Serie-A,15.0,2.0,8.0,17.0,16.0,11.0,17.0,18.0,2.0,0.133333333,,,,,,,
9/19/21,Juventus,Milan,void,28,H,45.45454545,,,,,,,,,,,,,,,,,,,,,,,,,,,,,,,,,,,,,,,,,,,,,,,,1.9,43.7,1.69,79.6,64.2,3,3.2,2.4,3.0,0.25,37,12,28,40,33,41,40,23,5.0,1.5,5.1,0.31,48,14,33,33,39,44,28,30,https://fbref.com/en/matches/e1ba445c/Derby-dItalia-Juventus-Milan-September-19-2021-Serie-A,9.0,5.0,9.0,15.0,16.0,5.0,12.0,5.0,1.0,0.555555556,,,,,,,
9/19/21,Milan,Juventus,void,28,A,28.57142857,,,,,,,,,,,,,,,,,,,,,,,,,,,,,,,,,,,,,,,,,,,,,,,,0.8,32.01,1.42,78.73,56.0,3,6.9,4.4,6.1,0.52,48,10,32,37,44,42,46,30,1.7,0.9,1.3,0.13,32,10,20,46,34,37,47,26,https://fbref.com/en/matches/e1ba445c/Derby-dItalia-Juventus-Milan-September-19-2021-Serie-A,13.0,3.0,8.0,16.0,13.0,15.0,16.0,9.0,1.0,0.230769231,,,,,,,
9/20/21,Udinese,Napoli,void,29,H,21.73913043,,,,,,,,,,,,,,,,,,,,,,,,,,,,,,,,,,,,,,,,,,,,,,,,0.5,17.56,0.91,58.69,17.0,3,5.4,3.4,7.7,0.36,41,19,32,38,32,29,48,38,3.2,2.5,2.9,0.26,40,11,29,34,34,32,36,33,https://fbref.com/en/matches/f3741324/Udinese-Napoli-September-20-2021-Serie-A,9.0,1.0,6.0,12.0,12.0,8.0,8.0,3.0,0.0,0.111111111,,,,,,,
9/20/21,Napoli,Udinese,void,29,A,52.38095238,,,,,,,,,,,,,,,,,,,,,,,,,,,,,,,,,,,,,,,,,,,,,,,,2.1,59.7,1.88,79.32,56.9,3,5.5,2.2,4.4,0.22,49,17,34,34,52,32,35,40,2.1,1.3,1.4,0.13,22,11,15,55,32,28,52,35,https://fbref.com/en/matches/f3741324/Udinese-Napoli-September-20-2021-Serie-A,18.0,8.0,14.0,12.0,11.0,5.0,5.0,6.0,4.0,0.444444444,,,,,,,
9/21/21,Bologna,Genoa,,30,H,50.0,,,,,,,,,,,,,,,,,,,,,,,,,,,,,,,,,,,,,,,,,,,,,,,,2.0,44.75,1.55,59.16,21.5,4,3.7,2.5,3.8,0.26,46,15,32,51,55,41,44,34,6.1,3.4,7.2,0.4,55,17,39,57,47,38,36,35,https://fbref.com/en/matches/2128c9b7/Bologna-Genoa-September-21-2021-Serie-A,16.0,4.0,10.0,15.0,19.0,14.0,5.0,5.0,2.0,0.25,,,,,,,
9/21/21,Genoa,Bologna,,30,A,23.25581395,,,,,,,,,,,,,,,,,,,,,,,,,,,,,,,,,,,,,,,,,,,,,,,,0.8,29.43,1.21,55.13,33.5,4,3.8,2.4,4.4,0.28,35,12,23,51,62,35,81,48,5.2,3.6,7.0,0.27,54,23,42,64,47,43,46,50,https://fbref.com/en/matches/2128c9b7/Bologna-Genoa-September-21-2021-Serie-A,10.0,5.0,6.0,19.0,15.0,11.0,15.0,8.0,2.0,0.5,,,,,,,
9/21/21,Atalanta,Sassuolo,,31,H,63.15789474,,,,,,,,,,,,,,,,,,,,,,,,,,,,,,,,,,,,,,,,,,,,,,,,2.8,58.66,2.02,77.74,54.7,4,5.9,4.3,3.5,0.2,51,13,43,50,63,39,37,25,4.2,2.2,2.8,0.12,41,9,30,71,47,43,60,41,https://fbref.com/en/matches/6f32a770/Atalanta-Sassuolo-September-21-2021-Serie-A,14.0,5.0,10.0,21.0,17.0,10.0,18.0,11.0,2.0,0.357142857,,,,,,,
9/21/21,Sassuolo,Atalanta,,31,A,15.625,,,,,,,,,,,,,,,,,,,,,,,,,,,,,,,,,,,,,,,,,,,,,,,,0.5,19.51,1.08,65.47,25.1,4,5.2,4.1,5.3,0.25,61,21,42,38,48,22,43,23,7.6,5.6,4.2,0.24,61,14,47,51,37,61,40,38,https://fbref.com/en/matches/6f32a770/Atalanta-Sassuolo-September-21-2021-Serie-A,8.0,1.0,7.0,18.0,21.0,10.0,12.0,14.0,1.0,0.125,,,,,,,
9/21/21,Fiorentina,Inter,,32,H,23.25581395,,,,,,,,,,,,,,,,,,,,,,,,,,,,,,,,,,,,,,,,,,,,,,,,0.8,18.56,0.99,63.15,32.5,4,4.7,2.9,7.8,0.3,41,20,34,63,61,49,52,30,6.7,4.5,6.2,0.32,36,14,26,66,59,34,66,27,https://fbref.com/en/matches/0b49d6f1/Fiorentina-Internazionale-September-21-2021-Serie-A,14.0,6.0,10.0,13.0,16.0,9.0,13.0,8.0,1.0,0.428571429,,,,,,,
9/21/21,Inter,Fiorentina,,32,A,51.28205128,,,,,,,,,,,,,,,,,,,,,,,,,,,,,,,,,,,,,,,,,,,,,,,,2.2,59.18,1.95,82.51,59.3,4,7.1,5.3,10.9,0.36,59,30,46,53,41,37,41,44,3.6,2.8,2.1,0.24,40,9,34,42,52,41,61,36,https://fbref.com/en/matches/0b49d6f1/Fiorentina-Internazionale-September-21-2021-Serie-A,17.0,5.0,14.0,17.0,12.0,15.0,8.0,9.0,3.0,0.294117647,,,,,,,
9/22/21,Salernitana,Hellas Verona,,33,H,25.0,,,,,,,,,,,,,,,,,,,,,,,,,,,,,,,,,,,,,,,,,,,,,,,,0.9,29.93,1.06,47.43,41.9,4,3.1,1.6,2.3,0.32,33,6,22,59,45,41,45,46,6.7,4.9,8.3,0.33,71,25,50,47,52,48,41,23,https://fbref.com/en/matches/84e68acd/Salernitana-Hellas-Verona-September-22-2021-Serie-A,14.0,4.0,10.0,13.0,19.0,17.0,13.0,10.0,2.0,0.285714286,,,,,,,
9/22/21,Hellas Verona,Salernitana,,33,A,45.45454545,,,,,,,,,,,,,,,,,,,,,,,,,,,,,,,,,,,,,,,,,,,,,,,,1.8,41.56,1.3,59.15,32.7,4,4.5,2.6,5.1,0.42,38,10,28,59,48,41,41,30,5.5,3.6,7.4,0.34,65,22,44,51,57,40,47,47,https://fbref.com/en/matches/84e68acd/Salernitana-Hellas-Verona-September-22-2021-Serie-A,9.0,5.0,7.0,19.0,12.0,11.0,9.0,17.0,2.0,0.555555556,,,,,,,
9/22/21,Spezia,Juventus,,34,H,9.523809524,,,,,,,,,,,,,,,,,,,,,,,,,,,,,,,,,,,,,,,,,,,,,,,,0.1,14.64,0.97,52.23,36.0,4,3.3,2.1,3.6,0.27,48,14,35,46,52,45,38,30,7.3,4.6,10.8,0.41,59,22,42,56,44,41,48,47,https://fbref.com/en/matches/0cdf92e5/Spezia-Juventus-September-22-2021-Serie-A,10.0,5.0,8.0,14.0,7.0,7.0,11.0,14.0,2.0,0.5,,,,,,,
9/22/21,Juventus,Spezia,,34,A,73.33333333,,,,,,,,,,,,,,,,,,,,,,,,,,,,,,,,,,,,,,,,,,,,,,,,3.0,66.16,2.27,79.42,59.0,4,4.3,3.4,4.5,0.27,46,17,37,53,49,46,52,28,5.8,2.1,6.4,0.33,61,17,41,49,50,59,44,39,https://fbref.com/en/matches/0cdf92e5/Spezia-Juventus-September-22-2021-Serie-A,26.0,9.0,20.0,10.0,14.0,15.0,13.0,17.0,3.0,0.346153846,,,,,,,
9/22/21,Milan,Venezia,,35,H,78.57142857,,,,,,,,,,,,,,,,,,,,,,,,,,,,,,,,,,,,,,,,,,,,,,,,3.4,74.04,2.24,78.97,60.4,4,7.6,5.0,7.3,0.5,61,13,40,53,55,57,62,39,2.7,1.9,2.8,0.19,41,15,29,59,50,42,59,31,https://fbref.com/en/matches/c2431356/Milan-Venezia-September-22-2021-Serie-A,14.0,4.0,12.0,15.0,14.0,14.0,15.0,14.0,2.0,0.285714286,,,,,,,
9/22/21,Venezia,Milan,,35,A,6.666666667,,,,,,,,,,,,,,,,,,,,,,,,,,,,,,,,,,,,,,,,,,,,,,,,0.0,8.58,0.62,49.84,40.0,4,4.0,3.5,4.1,0.31,43,13,32,64,33,45,58,45,7.2,3.9,9.3,0.37,64,21,46,38,60,49,49,48,https://fbref.com/en/matches/c2431356/Milan-Venezia-September-22-2021-Serie-A,8.0,2.0,5.0,14.0,15.0,3.0,19.0,11.0,0.0,0.25,,,,,,,
9/22/21,Cagliari,Empoli,,36,H,46.66666667,,,,,,,,,,,,,,,,,,,,,,,,,,,,,,,,,,,,,,,,,,,,,,,,2.0,48.49,1.62,59.05,32.9,4,6.3,3.5,5.4,0.29,44,13,31,54,41,39,39,40,6.8,4.7,9.2,0.39,68,21,50,45,50,67,50,20,https://fbref.com/en/matches/091676a6/Cagliari-Empoli-September-22-2021-Serie-A,15.0,1.0,12.0,15.0,14.0,20.0,15.0,11.0,0.0,0.066666667,,,,,,,
9/22/21,Empoli,Cagliari,,36,A,26.66666667,,,,,,,,,,,,,,,,,,,,,,,,,,,,,,,,,,,,,,,,,,,,,,,,0.7,26.12,1.12,51.89,38.3,4,5.7,3.7,5.3,0.28,64,16,47,41,49,73,45,38,6.1,4.4,7.0,0.33,50,19,41,51,39,61,64,47,https://fbref.com/en/matches/091676a6/Cagliari-Empoli-September-22-2021-Serie-A,18.0,5.0,13.0,14.0,15.0,14.0,20.0,12.0,2.0,0.277777778,,,,,,,
9/23/21,Sampdoria,Napoli,,37,H,21.73913043,,,,,,,,,,,,,,,,,,,,,,,,,,,,,,,,,,,,,,,,,,,,,,,,0.7,19.66,0.95,63.58,22.0,4,4.8,3.0,4.2,0.28,56,15,38,53,43,65,67,47,4.7,3.5,4.1,0.27,53,15,36,46,51,41,47,36,https://fbref.com/en/matches/ecd70e2b/Sampdoria-Napoli-September-23-2021-Serie-A,13.0,5.0,9.0,11.0,7.0,19.0,9.0,8.0,0.0,0.384615385,,,,,,,
9/23/21,Napoli,Sampdoria,,37,A,54.28571429,,,,,,,,,,,,,,,,,,,,,,,,,,,,,,,,,,,,,,,,,,,,,,,,2.1,56.51,1.78,80.94,59.3,4,7.9,3.4,7.7,0.29,67,25,48,45,62,37,40,46,2.4,1.6,1.5,0.12,31,12,21,65,43,36,60,38,https://fbref.com/en/matches/ecd70e2b/Sampdoria-Napoli-September-23-2021-Serie-A,17.0,9.0,17.0,8.0,10.0,10.0,12.0,11.0,4.0,0.529411765,,,,,,,
9/23/21,Torino,Lazio,,38,H,29.41176471,,,,,,,,,,,,,,,,,,,,,,,,,,,,,,,,,,,,,,,,,,,,,,,,0.7,29.99,1.25,61.44,17.1,4,5.6,5.0,6.4,0.38,59,17,45,74,41,56,58,29,2.9,2.5,3.3,0.25,34,13,25,44,72,37,28,27,https://fbref.com/en/matches/8c3d226a/Torino-Lazio-September-23-2021-Serie-A,16.0,5.0,11.0,21.0,9.0,11.0,20.0,6.0,1.0,0.3125,,,,,,,
9/23/21,Lazio,Torino,,38,A,43.90243902,,,,,,,,,,,,,,,,,,,,,,,,,,,,,,,,,,,,,,,,,,,,,,,,2.0,44.5,1.57,69.94,40.0,4,6.8,4.1,11.1,0.35,60,27,46,43,41,54,46,40,6.8,4.9,5.5,0.47,52,12,38,42,41,48,58,40,https://fbref.com/en/matches/8c3d226a/Torino-Lazio-September-23-2021-Serie-A,5.0,1.0,1.0,9.0,21.0,6.0,5.0,12.0,1.0,0.2,,,,,,,
9/23/21,Roma,Udinese,,39,H,64.28571429,,,,,,,,,,,,,,,,,,,,,,,,,,,,,,,,,,,,,,,,,,,,,,,,2.5,62.17,2.0,72.61,58.9,4,8.3,6.0,7.0,0.3,72,23,51,43,49,43,43,37,4.2,3.6,6.2,0.3,40,21,34,52,39,36,43,31,https://fbref.com/en/matches/8950ae54/Roma-Udinese-September-23-2021-Serie-A,12.0,2.0,9.0,23.0,7.0,7.0,13.0,11.0,1.0,0.166666667,,,,,,,
9/23/21,Udinese,Roma,,39,A,15.15151515,,,,,,,,,,,,,,,,,,,,,,,,,,,,,,,,,,,,,,,,,,,,,,,,0.4,16.27,0.91,57.12,22.0,4,5.7,3.6,7.8,0.35,50,20,38,48,43,37,56,41,5.6,3.7,6.2,0.33,58,19,43,45,44,37,41,39,https://fbref.com/en/matches/8950ae54/Roma-Udinese-September-23-2021-Serie-A,8.0,2.0,6.0,7.0,22.0,10.0,10.0,10.0,0.0,0.25,,,,,,,
9/25/21,Spezia,Milan,,40,H,13.33333333,,,,,,,,,,,,,,,,,,,,,,,,,,,,,,,,,,,,,,,,,,,,,,,,0.4,15.47,0.94,52.37,37.3,5,4.0,2.8,5.2,0.31,58,19,43,60,59,52,49,44,9.6,6.4,13.8,0.39,85,31,62,66,57,56,61,64,https://fbref.com/en/matches/8f05af5a/Spezia-Milan-September-25-2021-Serie-A,8.0,2.0,6.0,13.0,12.0,10.0,25.0,7.0,1.0,0.25,,,,,,,
9/25/21,Milan,Spezia,,40,A,65.2173913,,,,,,,,,,,,,,,,,,,,,,,,,,,,,,,,,,,,,,,,,,,,,,,,2.7,64.2,2.14,79.11,55.4,5,9.3,6.6,9.0,0.48,75,17,52,65,68,71,77,53,3.4,2.1,3.1,0.18,49,17,34,72,62,45,78,42,https://fbref.com/en/matches/8f05af5a/Spezia-Milan-September-25-2021-Serie-A,18.0,5.0,13.0,12.0,13.0,12.0,10.0,14.0,2.0,0.277777778,,,,,,,
9/25/21,Inter,Atalanta,,41,H,50.0,,,,,,,,,,,,,,,,,,,,,,,,,,,,,,,,,,,,,,,,,,,,,,,,2.1,49.89,1.86,82.68,75.7,5,9.8,7.8,12.9,0.37,76,35,60,68,51,52,49,53,5.0,3.6,4.2,0.28,54,15,44,53,67,50,74,44,https://fbref.com/en/matches/26cac686/Internazionale-Atalanta-September-25-2021-Serie-A,17.0,6.0,11.0,16.0,11.0,14.0,7.0,6.0,2.0,0.352941176,,,,,,,
9/25/21,Atalanta,Inter,,41,A,25.0,,,,,,,,,,,,,,,,,,,,,,,,,,,,,,,,,,,,,,,,,,,,,,,,0.9,26.82,1.31,77.58,65.4,5,7.5,5.8,5.1,0.24,65,18,53,66,78,49,55,36,5.0,3.0,2.9,0.12,49,10,37,87,63,53,72,55,https://fbref.com/en/matches/26cac686/Internazionale-Atalanta-September-25-2021-Serie-A,21.0,5.0,16.0,12.0,14.0,10.0,30.0,6.0,2.0,0.238095238,,,,,,,
9/25/21,Genoa,Hellas Verona,,42,H,35.48387097,,,,,,,,,,,,,,,,,,,,,,,,,,,,,,,,,,,,,,,,,,,,,,,,1.1,38.78,1.33,54.8,39.4,5,5.3,3.1,6.6,0.28,45,17,29,66,76,46,96,56,7.2,4.4,9.2,0.29,70,27,52,78,62,57,51,55,https://fbref.com/en/matches/ec3ea46c/Genoa-Hellas-Verona-September-25-2021-Serie-A,10.0,3.0,6.0,15.0,14.0,15.0,15.0,10.0,3.0,0.3,,,,,,,
9/25/21,Hellas Verona,Genoa,,42,A,35.0,,,,,,,,,,,,,,,,,,,,,,,,,,,,,,,,,,,,,,,,,,,,,,,,1.5,33.81,1.22,57.48,32.6,5,6.2,4.1,7.3,0.43,47,15,35,76,60,52,50,47,8.0,5.2,8.8,0.34,79,26,54,64,74,57,60,57,https://fbref.com/en/matches/ec3ea46c/Genoa-Hellas-Verona-September-25-2021-Serie-A,11.0,6.0,8.0,15.0,14.0,12.0,18.0,8.0,3.0,0.545454545,,,,,,,
9/26/21,Juventus,Sampdoria,,43,H,72.72727273,,,,,,,,,,,,,,,,,,,,,,,,,,,,,,,,,,,,,,,,,,,,,,,,3.2,63.68,2.03,79.16,62.8,5,6.6,5.2,7.5,0.29,72,26,57,63,62,61,65,45,6.5,2.8,8.0,0.35,71,22,49,63,57,66,55,53,https://fbref.com/en/matches/2944c7e2/Juventus-Sampdoria-September-26-2021-Serie-A,15.0,5.0,13.0,24.0,17.0,9.0,11.0,9.0,3.0,0.333333333,,,,,,,
9/26/21,Sampdoria,Juventus,,43,A,10.0,,,,,,,,,,,,,,,,,,,,,,,,,,,,,,,,,,,,,,,,,,,,,,,,0.0,15.25,0.88,63.58,23.1,5,5.4,3.6,5.8,0.29,69,20,47,63,49,84,76,55,6.9,5.7,7.4,0.31,70,24,53,53,60,51,59,47,https://fbref.com/en/matches/2944c7e2/Juventus-Sampdoria-September-26-2021-Serie-A,6.0,3.0,5.0,18.0,23.0,9.0,14.0,8.0,2.0,0.5,,,,,,,
9/26/21,Empoli,Bologna,,44,H,37.03703704,,,,,,,,,,,,,,,,,,,,,,,,,,,,,,,,,,,,,,,,,,,,,,,,1.8,35.67,1.36,53.01,37.7,5,6.8,4.7,6.6,0.28,82,21,60,54,64,87,65,50,7.2,5.4,7.0,0.31,65,20,53,66,52,81,79,58,https://fbref.com/en/matches/db1efad7/Empoli-Bologna-September-26-2021-Serie-A,14.0,6.0,9.0,16.0,21.0,14.0,29.0,16.0,4.0,0.428571429,,,,,,,
9/26/21,Bologna,Empoli,,44,A,38.0952381,,,,,,,,,,,,,,,,,,,,,,,,,,,,,,,,,,,,,,,,,,,,,,,,1.0,38.25,1.42,59.24,19.2,5,5.7,3.3,6.0,0.29,62,19,42,65,70,55,49,39,7.7,4.1,9.5,0.37,65,22,45,72,61,49,51,43,https://fbref.com/en/matches/db1efad7/Empoli-Bologna-September-26-2021-Serie-A,20.0,5.0,17.0,22.0,16.0,20.0,5.0,6.0,2.0,0.25,,,,,,,
9/26/21,Sassuolo,Salernitana,,45,H,68.75,,,,,,,,,,,,,,,,,,,,,,,,,,,,,,,,,,,,,,,,,,,,,,,,2.6,57.42,1.87,65.65,16.7,5,6.0,4.8,5.4,0.24,69,22,49,54,64,32,55,37,9.2,7.0,5.9,0.26,75,19,57,67,52,71,58,49,https://fbref.com/en/matches/16102e8e/Sassuolo-Salernitana-September-26-2021-Serie-A,17.0,6.0,11.0,17.0,16.0,17.0,10.0,6.0,1.0,0.352941176,,,,,,,
9/26/21,Salernitana,Sassuolo,,45,A,11.76470588,,,,,,,,,,,,,,,,,,,,,,,,,,,,,,,,,,,,,,,,,,,,,,,,0.4,19.52,0.99,48.44,43.5,5,5.6,3.2,3.7,0.34,47,10,32,72,62,58,58,56,8.4,6.5,10.5,0.35,80,30,57,64,64,59,50,40,https://fbref.com/en/matches/16102e8e/Sassuolo-Salernitana-September-26-2021-Serie-A,12.0,4.0,10.0,18.0,15.0,14.0,11.0,6.0,0.0,0.333333333,,,,,,,
9/26/21,Udinese,Fiorentina,,46,H,31.25,,,,,,,,,,,,,,,,,,,,,,,,,,,,,,,,,,,,,,,,,,,,,,,,1.6,34.74,1.22,57.12,22.5,5,6.7,3.8,7.9,0.32,58,22,44,56,64,47,66,51,6.9,5.0,7.2,0.34,70,21,52,67,52,44,54,50,https://fbref.com/en/matches/6f2cface/Udinese-Fiorentina-September-26-2021-Serie-A,12.0,4.0,10.0,17.0,12.0,8.0,17.0,13.0,0.0,0.333333333,,,,,,,
9/26/21,Fiorentina,Udinese,,46,A,40.38461538,,,,,,,,,,,,,,,,,,,,,,,,,,,,,,,,,,,,,,,,,,,,,,,,1.0,37.53,1.28,62.81,22.6,5,6.1,3.7,9.9,0.31,55,26,44,74,76,58,65,38,9.4,7.0,8.3,0.34,53,19,40,81,69,49,74,36,https://fbref.com/en/matches/6f2cface/Udinese-Fiorentina-September-26-2021-Serie-A,7.0,1.0,6.0,14.0,17.0,8.0,16.0,10.0,1.0,0.142857143,,,,,,,
9/26/21,Lazio,Roma,,47,H,36.53846154,,,,,,,,,,,,,,,,,,,,,,,,,,,,,,,,,,,,,,,,,,,,,,,,1.9,38.59,1.6,69.94,39.2,5,7.7,4.2,12.0,0.34,65,28,47,52,60,60,51,52,8.0,6.0,7.0,0.42,68,17,49,61,50,59,78,46,https://fbref.com/en/matches/1e1220b4/Lazio-Roma-September-26-2021-Serie-A,10.0,4.0,9.0,16.0,14.0,5.0,13.0,14.0,3.0,0.4,,,,,,,
9/26/21,Roma,Lazio,,47,A,37.66233766,,,,,,,,,,,,,,,,,,,,,,,,,,,,,,,,,,,,,,,,,,,,,,,,1.1,37.13,1.56,72.61,55.6,5,9.6,7.3,7.9,0.32,84,25,60,65,57,50,56,48,5.2,3.8,6.3,0.27,48,23,40,60,60,46,53,41,https://fbref.com/en/matches/1e1220b4/Lazio-Roma-September-26-2021-Serie-A,19.0,7.0,18.0,14.0,15.0,12.0,11.0,17.0,2.0,0.368421053,,,,,,,
9/26/21,Napoli,Cagliari,,48,H,78.57142857,,,,,,,,,,,,,,,,,,,,,,,,,,,,,,,,,,,,,,,,,,,,,,,,3.3,70.0,2.26,80.94,61.5,5,10.1,5.6,11.1,0.31,84,34,65,52,71,47,52,57,3.1,2.1,3.1,0.18,44,17,30,75,49,55,69,46,https://fbref.com/en/matches/4cb4842e/Napoli-Cagliari-September-26-2021-Serie-A,16.0,6.0,11.0,11.0,13.0,10.0,10.0,8.0,2.0,0.375,,,,,,,
9/26/21,Cagliari,Napoli,,48,A,6.666666667,,,,,,,,,,,,,,,,,,,,,,,,,,,,,,,,,,,,,,,,,,,,,,,,0.0,11.59,0.8,58.02,31.3,5,7.4,4.5,5.4,0.27,59,14,43,69,54,59,54,51,8.0,5.6,10.4,0.37,86,26,63,58,65,81,70,32,https://fbref.com/en/matches/4cb4842e/Napoli-Cagliari-September-26-2021-Serie-A,6.0,1.0,5.0,13.0,10.0,8.0,20.0,5.0,0.0,0.166666667,,,,,,,
9/27/21,Venezia,Torino,,49,H,27.02702703,,,,,,,,,,,,,,,,,,,,,,,,,,,,,,,,,,,,,,,,,,,,,,,,0.8,30.83,1.13,49.74,42.4,5,4.7,3.8,4.4,0.29,51,15,37,77,45,48,77,56,8.9,5.5,11.0,0.38,78,25,58,50,73,63,64,62,https://fbref.com/en/matches/49f75774/Venezia-Torino-September-27-2021-Serie-A,6.0,1.0,4.0,9.0,20.0,12.0,15.0,12.0,1.0,0.166666667,,,,,,,
9/27/21,Torino,Venezia,,49,A,46.42857143,,,,,,,,,,,,,,,,,,,,,,,,,,,,,,,,,,,,,,,,,,,,,,,,1.8,41.56,1.36,61.44,21.6,5,6.8,6.0,8.0,0.36,75,22,56,93,50,67,78,35,3.8,2.6,4.2,0.24,39,14,26,53,91,43,33,39,https://fbref.com/en/matches/49f75774/Venezia-Torino-September-27-2021-Serie-A,8.0,3.0,6.0,20.0,9.0,14.0,14.0,14.0,1.0,0.375,,,,,,,
10/1/21,Cagliari,Venezia,,50,H,56.52173913,,,,,,,,,,,,,,,,,,,,,,,,,,,,,,,,,,,,,,,,,,,,,,,,2.0,48.89,1.56,57.74,43.7,6,7.6,4.7,5.4,0.25,65,15,48,79,64,67,74,56,9.8,6.6,12.8,0.34,102,32,74,70,75,91,81,41,https://fbref.com/en/matches/9266a47d/Cagliari-Venezia-October-1-2021-Serie-A,9.0,3.0,6.0,16.0,19.0,10.0,20.0,9.0,1.0,0.333333333,,,,,,,
10/1/21,Venezia,Cagliari,,50,A,20.0,,,,,,,,,,,,,,,,,,,,,,,,,,,,,,,,,,,,,,,,,,,,,,,,0.6,25.1,1.05,50.2,47.4,6,6.2,4.5,6.1,0.33,57,16,41,86,63,60,92,68,9.7,6.2,11.7,0.37,86,28,65,68,82,77,80,78,https://fbref.com/en/matches/9266a47d/Cagliari-Venezia-October-1-2021-Serie-A,12.0,4.0,10.0,20.0,16.0,16.0,12.0,6.0,1.0,0.333333333,,,,,,,
10/2/21,Salernitana,Genoa,,51,H,32.25806452,,,,,,,,,,,,,,,,,,,,,,,,,,,,,,,,,,,,,,,,,,,,,,,,1.0,36.55,1.32,49.23,45.4,6,6.5,3.9,4.8,0.32,59,14,42,88,76,72,69,62,9.7,7.5,12.4,0.34,97,36,68,80,77,76,60,46,https://fbref.com/en/matches/cadc0b9e/Salernitana-Genoa-October-2-2021-Serie-A,10.0,4.0,9.0,20.0,19.0,11.0,14.0,10.0,1.0,0.4,,,,,,,
10/2/21,Genoa,Salernitana,,51,A,38.70967742,,,,,,,,,,,,,,,,,,,,,,,,,,,,,,,,,,,,,,,,,,,,,,,,1.5,36.55,1.32,53.85,36.4,6,6.9,3.7,8.9,0.3,55,20,35,79,88,61,111,66,9.4,5.8,12.2,0.3,81,33,60,91,74,69,69,63,https://fbref.com/en/matches/cadc0b9e/Salernitana-Genoa-October-2-2021-Serie-A,17.0,3.0,13.0,19.0,19.0,13.0,24.0,6.0,0.0,0.176470588,,,,,,,
10/2/21,Torino,Juventus,,52,H,22.72727273,,,,,,,,,,,,,,,,,,,,,,,,,,,,,,,,,,,,,,,,,,,,,,,,0.5,20.69,1.07,62.0,16.9,6,7.5,6.7,8.7,0.35,83,25,62,111,59,81,92,49,5.3,3.3,5.9,0.28,45,15,30,62,109,55,48,51,https://fbref.com/en/matches/b891da74/Torino-Juventus-October-2-2021-Serie-A,13.0,2.0,10.0,23.0,15.0,11.0,13.0,10.0,0.0,0.153846154,,,,,,,
10/2/21,Juventus,Torino,,52,A,51.28205128,,,,,,,,,,,,,,,,,,,,,,,,,,,,,,,,,,,,,,,,,,,,,,,,2.2,56.49,1.91,78.69,55.1,6,8.9,6.7,10.1,0.3,87,31,70,85,76,70,76,54,6.8,3.2,9.2,0.36,77,24,54,79,78,75,70,62,https://fbref.com/en/matches/b891da74/Torino-Juventus-October-2-2021-Serie-A,10.0,3.0,8.0,16.0,22.0,6.0,7.0,6.0,1.0,0.3,,,,,,,
10/2/21,Sassuolo,Inter,,53,H,22.22222222,,,,,,,,,,,,,,,,,,,,,,,,,,,,,,,,,,,,,,,,,,,,,,,,0.6,20.37,1.16,64.94,25.0,6,7.3,5.8,7.3,0.26,86,28,60,70,77,49,65,43,10.1,7.7,6.9,0.26,87,23,67,83,66,85,69,55,https://fbref.com/en/matches/8e6028af/Sassuolo-Internazionale-October-2-2021-Serie-A,11.0,7.0,7.0,11.0,20.0,11.0,14.0,8.0,1.0,0.636363636,,,,,,,
10/2/21,Inter,Sassuolo,,53,A,56.52173913,,,,,,,,,,,,,,,,,,,,,,,,,,,,,,,,,,,,,,,,,,,,,,,,2.4,58.21,2.09,82.22,59.4,6,13.7,9.3,15.2,0.37,93,41,71,81,61,66,56,59,7.1,4.8,5.4,0.27,75,20,60,64,78,60,104,50,https://fbref.com/en/matches/8e6028af/Sassuolo-Internazionale-October-2-2021-Serie-A,16.0,2.0,12.0,21.0,11.0,13.0,13.0,9.0,2.0,0.125,,,,,,,
10/3/21,Bologna,Lazio,,54,H,29.41176471,,,,,,,,,,,,,,,,,,,,,,,,,,,,,,,,,,,,,,,,,,,,,,,,0.8,29.29,1.41,58.91,16.8,6,8.2,4.8,8.1,0.31,82,24,59,87,85,75,54,45,9.5,4.8,11.6,0.34,79,28,54,87,83,63,80,59,https://fbref.com/en/matches/97a2d844/Bologna-Lazio-October-3-2021-Serie-A,10.0,3.0,9.0,7.0,18.0,11.0,15.0,10.0,3.0,0.3,,,,,,,
10/3/21,Lazio,Bologna,,54,A,46.42857143,,,,,,,,,,,,,,,,,,,,,,,,,,,,,,,,,,,,,,,,,,,,,,,,2.2,47.38,1.84,69.6,39.2,6,10.0,6.3,13.6,0.35,75,32,56,64,73,65,64,66,10.3,7.5,10.6,0.41,87,24,67,74,61,71,90,63,https://fbref.com/en/matches/97a2d844/Bologna-Lazio-October-3-2021-Serie-A,8.0,4.0,8.0,18.0,6.0,9.0,13.0,10.0,0.0,0.5,,,,,,,
10/3/21,Sampdoria,Udinese,,55,H,44.73684211,,,,,,,,,,,,,,,,,,,,,,,,,,,,,,,,,,,,,,,,,,,,,,,,1.9,45.54,1.39,62.28,21.1,6,5.8,3.9,7.1,0.31,75,23,52,79,70,93,90,63,9.2,7.2,10.0,0.31,85,29,66,75,74,60,70,56,https://fbref.com/en/matches/a385f781/Sampdoria-Udinese-October-3-2021-Serie-A,11.0,2.0,7.0,14.0,18.0,15.0,17.0,8.0,3.0,0.181818182,,,,,,,
10/3/21,Udinese,Sampdoria,,55,A,28.20512821,,,,,,,,,,,,,,,,,,,,,,,,,,,,,,,,,,,,,,,,,,,,,,,,0.7,26.62,1.0,56.87,25.5,6,7.3,4.3,9.1,0.32,70,26,54,70,73,55,83,64,8.0,5.5,8.1,0.33,77,22,60,78,66,50,71,60,https://fbref.com/en/matches/a385f781/Sampdoria-Udinese-October-3-2021-Serie-A,18.0,7.0,11.0,19.0,14.0,10.0,16.0,11.0,3.0,0.388888889,,,,,,,
10/3/21,Hellas Verona,Spezia,,56,H,58.82352941,,,,,,,,,,,,,,,,,,,,,,,,,,,,,,,,,,,,,,,,,,,,,,,,2.2,45.06,1.57,57.91,32.6,6,8.4,5.5,10.3,0.41,58,21,43,89,72,64,68,55,9.5,5.8,11.1,0.35,89,29,60,77,86,72,75,67,https://fbref.com/en/matches/af694309/Hellas-Verona-Spezia-October-3-2021-Serie-A,6.0,4.0,6.0,17.0,12.0,3.0,9.0,17.0,4.0,0.666666667,,,,,,,
10/3/21,Spezia,Hellas Verona,,56,A,19.04761905,,,,,,,,,,,,,,,,,,,,,,,,,,,,,,,,,,,,,,,,,,,,,,,,0.6,29.33,1.22,52.75,41.1,6,4.9,3.6,5.7,0.3,66,20,52,72,71,60,80,55,11.6,8.0,15.4,0.38,103,36,75,78,69,68,71,78,https://fbref.com/en/matches/af694309/Hellas-Verona-Spezia-October-3-2021-Serie-A,12.0,4.0,10.0,12.0,16.0,9.0,12.0,11.0,0.0,0.333333333,,,,,,,
10/3/21,Fiorentina,Napoli,,57,H,23.80952381,,,,,,,,,,,,,,,,,,,,,,,,,,,,,,,,,,,,,,,,,,,,,,,,0.8,18.53,0.92,63.52,35.9,6,7.2,4.3,10.8,0.3,62,27,50,85,90,66,81,48,10.0,7.5,9.5,0.34,65,23,50,95,78,57,91,49,https://fbref.com/en/matches/364539fe/Fiorentina-Napoli-October-3-2021-Serie-A,10.0,3.0,8.0,18.0,12.0,9.0,15.0,13.0,1.0,0.3,,,,,,,
10/3/21,Napoli,Fiorentina,,57,A,50.0,,,,,,,,,,,,,,,,,,,,,,,,,,,,,,,,,,,,,,,,,,,,,,,,2.0,58.1,1.82,82.26,70.3,6,11.9,6.6,13.4,0.3,100,40,76,64,81,57,62,65,3.3,2.3,3.1,0.17,50,18,35,85,59,63,89,51,https://fbref.com/en/matches/364539fe/Fiorentina-Napoli-October-3-2021-Serie-A,11.0,4.0,8.0,13.0,17.0,3.0,11.0,12.0,2.0,0.363636364,,,,,,,
10/3/21,Roma,Empoli,,58,H,68.75,,,,,,,,,,,,,,,,,,,,,,,,,,,,,,,,,,,,,,,,,,,,,,,,3.0,64.67,2.15,72.02,49.8,6,11.9,8.8,11.5,0.33,103,32,78,78,68,62,67,65,7.4,5.9,7.9,0.29,58,27,49,72,73,51,66,55,https://fbref.com/en/matches/a8cb51cb/Roma-Empoli-October-3-2021-Serie-A,18.0,5.0,12.0,13.0,16.0,13.0,15.0,7.0,2.0,0.277777778,,,,,,,
10/3/21,Empoli,Roma,,58,A,12.5,,,,,,,,,,,,,,,,,,,,,,,,,,,,,,,,,,,,,,,,,,,,,,,,0.5,15.13,0.93,52.75,27.9,6,8.7,5.4,8.7,0.26,96,27,69,69,86,101,94,66,9.7,6.9,9.1,0.33,85,25,70,88,67,101,84,64,https://fbref.com/en/matches/a8cb51cb/Roma-Empoli-October-3-2021-Serie-A,12.0,3.0,9.0,17.0,12.0,9.0,17.0,10.0,0.0,0.25,,,,,,,
10/3/21,Atalanta,Milan,,59,H,45.83333333,,,,,,,,,,,,,,,,,,,,,,,,,,,,,,,,,,,,,,,,,,,,,,,,2.0,42.89,1.62,78.15,66.4,6,9.6,6.9,6.3,0.24,86,23,69,77,89,59,85,42,8.8,4.5,5.2,0.22,66,16,48,100,73,67,79,61,https://fbref.com/en/matches/ae7758d1/Atalanta-Milan-October-3-2021-Serie-A,16.0,4.0,10.0,13.0,14.0,9.0,9.0,11.0,2.0,0.25,,,,,,,
10/3/21,Milan,Atalanta,,59,A,29.41176471,,,,,,,,,,,,,,,,,,,,,,,,,,,,,,,,,,,,,,,,,,,,,,,,0.9,32.25,1.37,77.46,61.8,6,11.2,8.3,10.7,0.45,93,22,65,77,80,83,87,67,4.3,3.0,3.5,0.18,57,19,40,84,74,55,103,49,https://fbref.com/en/matches/ae7758d1/Atalanta-Milan-October-3-2021-Serie-A,13.0,7.0,10.0,16.0,13.0,8.0,32.0,14.0,3.0,0.538461538,,,,,,,
10/16/21,Spezia,Salernitana,,60,H,44.82758621,,,,,,,,,,,,,,,,,,,,,,,,,,,,,,,,,,,,,,,,,,,,,,,,1.6,44.67,1.52,52.16,49.8,7,6.3,4.7,6.5,0.29,78,24,62,83,85,69,92,66,12.0,8.4,17.7,0.4,109,40,81,93,79,71,80,95,https://fbref.com/en/matches/98a79271/Spezia-Salernitana-October-16-2021-Serie-A,18.0,5.0,13.0,16.0,17.0,12.0,12.0,6.0,2.0,0.277777778,,,,,,,
10/16/21,Salernitana,Spezia,,60,A,28.20512821,,,,,,,,,,,,,,,,,,,,,,,,,,,,,,,,,,,,,,,,,,,,,,,,0.8,29.21,1.18,49.3,50.0,7,6.9,4.3,5.6,0.29,69,18,51,103,93,83,83,72,11.0,8.4,12.6,0.32,114,39,81,97,91,89,84,52,https://fbref.com/en/matches/98a79271/Spezia-Salernitana-October-16-2021-Serie-A,15.0,4.0,11.0,17.0,15.0,9.0,22.0,11.0,1.0,0.266666667,,,,,,,
10/16/21,Lazio,Inter,,61,H,28.57142857,,,,,,,,,,,,,,,,,,,,,,,,,,,,,,,,,,,,,,,,,,,,,,,,0.9,25.96,1.34,69.86,45.1,7,10.6,7.0,14.5,0.33,83,36,64,80,78,74,77,76,10.8,8.0,11.6,0.4,97,27,76,79,77,82,105,73,https://fbref.com/en/matches/0dcb20ef/Lazio-Internazionale-October-16-2021-Serie-A,18.0,7.0,15.0,13.0,11.0,12.0,10.0,4.0,3.0,0.388888889,,,,,,,
10/16/21,Inter,Lazio,,61,A,44.44444444,,,,,,,,,,,,,,,,,,,,,,,,,,,,,,,,,,,,,,,,,,,,,,,,2.1,51.41,1.95,82.32,60.2,7,15.6,10.4,16.3,0.36,109,43,83,100,71,79,69,68,8.7,5.3,7.3,0.24,86,27,67,74,96,71,118,58,https://fbref.com/en/matches/0dcb20ef/Lazio-Internazionale-October-16-2021-Serie-A,11.0,3.0,8.0,12.0,12.0,18.0,11.0,8.0,1.0,0.272727273,,,,,,,
10/16/21,Milan,Hellas Verona,,62,H,64.28571429,,,,,,,,,,,,,,,,,,,,,,,,,,,,,,,,,,,,,,,,,,,,,,,,2.7,65.93,2.09,77.7,53.8,7,14.1,10.1,14.4,0.48,106,29,75,92,93,91,119,81,6.4,3.9,6.5,0.24,73,23,50,97,87,64,112,60,https://fbref.com/en/matches/36d9f7e2/Milan-Hellas-Verona-October-16-2021-Serie-A,16.0,3.0,14.0,11.0,21.0,18.0,12.0,13.0,3.0,0.1875,,,,,,,
10/16/21,Hellas Verona,Milan,,62,A,15.15151515,,,,,,,,,,,,,,,,,,,,,,,,,,,,,,,,,,,,,,,,,,,,,,,,0.2,13.74,0.83,58.49,20.7,7,8.8,5.9,12.5,0.43,64,25,49,104,82,67,77,72,10.9,7.0,12.0,0.33,101,33,70,88,100,81,87,78,https://fbref.com/en/matches/36d9f7e2/Milan-Hellas-Verona-October-16-2021-Serie-A,9.0,4.0,7.0,21.0,11.0,9.0,11.0,11.0,2.0,0.444444444,,,,,,,
10/17/21,Cagliari,Sampdoria,,63,H,37.93103448,,,,,,,,,,,,,,,,,,,,,,,,,,,,,,,,,,,,,,,,,,,,,,,,1.5,39.05,1.43,57.02,40.8,7,8.0,5.0,6.5,0.27,74,18,54,94,82,77,94,65,10.9,7.6,14.3,0.35,114,36,84,89,90,107,93,47,https://fbref.com/en/matches/492ec747/Cagliari-Sampdoria-October-17-2021-Serie-A,12.0,5.0,10.0,15.0,17.0,14.0,18.0,6.0,3.0,0.416666667,,,,,,,
10/17/21,Sampdoria,Cagliari,,63,A,35.71428571,,,,,,,,,,,,,,,,,,,,,,,,,,,,,,,,,,,,,,,,,,,,,,,,1.4,34.77,1.33,60.57,23.3,7,7.4,4.6,8.2,0.29,86,25,59,91,84,108,107,71,11.8,7.9,12.2,0.33,103,36,77,90,86,70,86,67,https://fbref.com/en/matches/492ec747/Cagliari-Sampdoria-October-17-2021-Serie-A,17.0,3.0,15.0,18.0,15.0,25.0,13.0,7.0,1.0,0.176470588,,,,,,,
10/17/21,Empoli,Atalanta,,64,H,17.39130435,,,,,,,,,,,,,,,,,,,,,,,,,,,,,,,,,,,,,,,,,,,,,,,,0.6,15.4,0.95,52.27,34.5,7,9.3,5.9,8.8,0.24,108,30,78,84,96,110,111,76,11.0,7.8,10.5,0.32,103,30,82,99,81,114,99,71,https://fbref.com/en/matches/18b9df17/Empoli-Atalanta-October-17-2021-Serie-A,13.0,4.0,4.0,10.0,16.0,13.0,9.0,13.0,1.0,0.307692308,,,,,,,
10/17/21,Atalanta,Empoli,,64,A,61.9047619,,,,,,,,,,,,,,,,,,,,,,,,,,,,,,,,,,,,,,,,,,,,,,,,2.6,64.44,2.16,77.82,62.8,7,11.7,7.8,9.3,0.28,102,27,79,90,102,68,94,53,11.8,6.2,8.9,0.33,79,23,58,115,86,75,111,75,https://fbref.com/en/matches/18b9df17/Empoli-Atalanta-October-17-2021-Serie-A,21.0,7.0,16.0,17.0,10.0,7.0,19.0,12.0,4.0,0.333333333,,,,,,,
10/17/21,Genoa,Sassuolo,,65,H,30.76923077,,,,,,,,,,,,,,,,,,,,,,,,,,,,,,,,,,,,,,,,,,,,,,,,1.0,32.13,1.34,53.92,37.1,7,8.2,4.7,9.1,0.27,72,23,48,96,102,74,135,72,9.9,6.2,13.1,0.29,91,37,69,106,91,80,83,73,https://fbref.com/en/matches/0ef1ccc2/Genoa-Sassuolo-October-17-2021-Serie-A,19.0,4.0,11.0,12.0,21.0,16.0,15.0,13.0,2.0,0.210526316,,,,,,,
10/17/21,Sassuolo,Genoa,,65,A,43.47826087,,,,,,,,,,,,,,,,,,,,,,,,,,,,,,,,,,,,,,,,,,,,,,,,2.0,42.72,1.59,64.78,13.4,7,8.8,6.3,9.3,0.24,97,35,67,80,95,60,79,51,12.0,8.8,8.0,0.25,103,25,79,102,76,98,82,64,https://fbref.com/en/matches/0ef1ccc2/Genoa-Sassuolo-October-17-2021-Serie-A,15.0,5.0,10.0,22.0,12.0,6.0,14.0,5.0,2.0,0.333333333,,,,,,,
10/17/21,Udinese,Bologna,,66,H,42.10526316,,,,,,,,,,,,,,,,,,,,,,,,,,,,,,,,,,,,,,,,,,,,,,,,1.8,38.86,1.47,57.8,25.9,7,9.9,5.0,11.3,0.33,88,33,65,85,85,65,99,75,9.6,6.2,9.2,0.31,88,24,67,90,80,65,88,68,https://fbref.com/en/matches/d1238df8/Udinese-Bologna-October-17-2021-Serie-A,10.0,2.0,7.0,16.0,10.0,6.0,5.0,6.0,1.0,0.2,,,,,,,
10/17/21,Bologna,Udinese,,66,A,31.25,,,,,,,,,,,,,,,,,,,,,,,,,,,,,,,,,,,,,,,,,,,,,,,,0.8,35.43,1.39,60.18,14.7,7,8.7,5.2,9.1,0.31,92,27,68,92,101,86,69,55,10.2,5.5,12.5,0.33,87,32,62,103,88,72,93,69,https://fbref.com/en/matches/d1238df8/Udinese-Bologna-October-17-2021-Serie-A,24.0,11.0,19.0,11.0,17.0,9.0,12.0,10.0,1.0,0.458333333,,,,,,,
10/17/21,Napoli,Torino,,67,H,68.18181818,,,,,,,,,,,,,,,,,,,,,,,,,,,,,,,,,,,,,,,,,,,,,,,,2.8,67.53,2.04,80.61,67.8,7,13.6,7.3,15.2,0.29,111,44,84,77,96,60,73,77,3.9,2.9,4.1,0.2,60,21,43,101,71,72,104,64,https://fbref.com/en/matches/a09f18f7/Napoli-Torino-October-17-2021-Serie-A,10.0,2.0,8.0,6.0,22.0,12.0,14.0,5.0,1.0,0.2,,,,,,,
10/17/21,Torino,Napoli,,67,A,11.76470588,,,,,,,,,,,,,,,,,,,,,,,,,,,,,,,,,,,,,,,,,,,,,,,,0.1,12.18,0.73,62.21,14.2,7,8.5,7.5,8.7,0.32,96,27,72,131,72,92,105,59,6.3,3.9,6.7,0.28,55,18,38,76,129,61,55,57,https://fbref.com/en/matches/a09f18f7/Napoli-Torino-October-17-2021-Serie-A,11.0,3.0,10.0,25.0,6.0,6.0,11.0,7.0,0.0,0.272727273,,,,,,,
10/17/21,Juventus,Roma,,68,H,51.85185185,,,,,,,,,,,,,,,,,,,,,,,,,,,,,,,,,,,,,,,,,,,,,,,,2.2,49.22,1.88,78.65,68.7,7,9.8,7.3,11.0,0.3,97,34,78,99,96,76,83,60,7.9,4.0,9.3,0.33,90,26,64,99,91,86,83,72,https://fbref.com/en/matches/cba24703/Juventus-Roma-October-17-2021-Serie-A,7.0,3.0,5.0,20.0,15.0,8.0,11.0,16.0,1.0,0.428571429,,,,,,,
10/17/21,Roma,Juventus,,68,A,23.80952381,,,,,,,,,,,,,,,,,,,,,,,,,,,,,,,,,,,,,,,,,,,,,,,,0.8,27.65,1.36,73.12,65.1,7,13.2,9.7,13.0,0.33,121,37,90,89,82,75,82,72,8.0,6.4,8.0,0.27,70,30,58,87,83,60,83,65,https://fbref.com/en/matches/cba24703/Juventus-Roma-October-17-2021-Serie-A,14.0,3.0,10.0,15.0,20.0,15.0,19.0,9.0,0.0,0.214285714,,,,,,,
10/18/21,Venezia,Fiorentina,,69,H,23.07692308,,,,,,,,,,,,,,,,,,,,,,,,,,,,,,,,,,,,,,,,,,,,,,,,0.6,29.65,1.07,51.17,42.4,7,7.4,5.6,7.6,0.34,69,20,51,105,78,76,104,74,10.1,6.5,12.8,0.37,95,31,71,83,100,87,100,87,https://fbref.com/en/matches/e079b59a/Venezia-Fiorentina-October-18-2021-Serie-A,4.0,2.0,1.0,16.0,11.0,4.0,12.0,12.0,1.0,0.5,,,,,,,
10/18/21,Fiorentina,Venezia,,69,A,51.28205128,,,,,,,,,,,,,,,,,,,,,,,,,,,,,,,,,,,,,,,,,,,,,,,,1.8,42.2,1.33,63.87,22.5,7,7.9,4.8,11.8,0.3,72,30,58,101,102,75,96,61,11.7,8.2,11.3,0.32,76,27,58,108,93,60,102,61,https://fbref.com/en/matches/e079b59a/Venezia-Fiorentina-October-18-2021-Serie-A,11.0,3.0,8.0,11.0,15.0,14.0,8.0,10.0,0.0,0.272727273,,,,,,,
10/22/21,Torino,Genoa,,70,H,54.28571429,,,,,,,,,,,,,,,,,,,,,,,,,,,,,,,,,,,,,,,,,,,,,,,,2.1,47.59,1.53,62.97,20.8,8,9.4,8.3,9.0,0.3,107,30,82,151,78,98,116,66,8.1,4.7,8.3,0.29,65,20,46,82,147,73,69,62,https://fbref.com/en/matches/c6cd35a7/Torino-Genoa-October-22-2021-Serie-A,17.0,6.0,11.0,19.0,21.0,10.0,17.0,6.0,3.0,0.352941176,,,,,,,
10/22/21,Genoa,Torino,,70,A,20.0,,,,,,,,,,,,,,,,,,,,,,,,,,,,,,,,,,,,,,,,,,,,,,,,0.6,26.05,1.06,53.84,38.6,8,9.6,5.5,10.0,0.27,91,27,59,107,119,90,150,85,11.9,7.3,15.0,0.3,106,42,79,124,102,86,97,78,https://fbref.com/en/matches/c6cd35a7/Torino-Genoa-October-22-2021-Serie-A,14.0,4.0,11.0,24.0,19.0,7.0,12.0,10.0,2.0,0.285714286,,,,,,,
10/22/21,Sampdoria,Spezia,,71,H,56.52173913,,,,,,,,,,,,,,,,,,,,,,,,,,,,,,,,,,,,,,,,,,,,,,,,2.5,48.77,1.71,60.7,30.5,8,9.1,6.2,9.5,0.31,103,28,74,109,98,133,120,78,12.9,8.9,14.2,0.34,115,41,87,104,104,84,104,73,https://fbref.com/en/matches/84765ee6/Sampdoria-Spezia-October-22-2021-Serie-A,6.0,2.0,5.0,10.0,8.0,7.0,24.0,14.0,2.0,0.333333333,,,,,,,
10/22/21,Spezia,Sampdoria,,71,A,20.0,,,,,,,,,,,,,,,,,,,,,,,,,,,,,,,,,,,,,,,,,,,,,,,,0.5,26.72,1.21,52.28,41.2,8,7.9,6.0,7.7,0.28,96,29,75,96,100,81,104,72,13.6,9.9,19.2,0.4,124,44,92,108,91,80,102,106,https://fbref.com/en/matches/84765ee6/Sampdoria-Spezia-October-22-2021-Serie-A,17.0,7.0,12.0,9.0,10.0,17.0,11.0,5.0,1.0,0.411764706,,,,,,,
10/23/21,Salernitana,Empoli,,72,H,36.53846154,,,,,,,,,,,,,,,,,,,,,,,,,,,,,,,,,,,,,,,,,,,,,,,,1.1,38.47,1.34,48.96,45.5,8,8.6,5.8,7.2,0.31,84,22,62,118,105,92,105,83,12.6,9.7,13.8,0.31,132,44,94,110,106,101,96,58,https://fbref.com/en/matches/4d087c25/Salernitana-Empoli-October-23-2021-Serie-A,12.0,5.0,11.0,16.0,16.0,21.0,8.0,9.0,2.0,0.416666667,,,,,,,
10/23/21,Empoli,Salernitana,,72,A,37.66233766,,,,,,,,,,,,,,,,,,,,,,,,,,,,,,,,,,,,,,,,,,,,,,,,1.5,34.41,1.26,51.03,44.3,8,9.9,6.3,9.3,0.23,121,34,82,94,111,123,120,89,15.5,11.2,12.9,0.33,124,37,98,115,91,121,118,83,https://fbref.com/en/matches/4d087c25/Salernitana-Empoli-October-23-2021-Serie-A,9.0,4.0,8.0,17.0,16.0,12.0,9.0,13.0,4.0,0.444444444,,,,,,,
10/23/21,Sassuolo,Venezia,,73,H,61.53846154,,,,,,,,,,,,,,,,,,,,,,,,,,,,,,,,,,,,,,,,,,,,,,,,2.5,53.14,1.69,64.68,15.6,8,10.9,7.5,11.1,0.26,112,40,77,98,106,66,93,56,13.3,9.7,8.9,0.24,122,29,90,113,93,114,97,77,https://fbref.com/en/matches/80a08dab/Sassuolo-Venezia-October-23-2021-Serie-A,14.0,7.0,10.0,14.0,17.0,10.0,14.0,5.0,3.0,0.5,,,,,,,
10/23/21,Venezia,Sassuolo,,73,A,16.94915254,,,,,,,,,,,,,,,,,,,,,,,,,,,,,,,,,,,,,,,,,,,,,,,,0.5,22.01,0.99,51.9,41.2,8,8.4,6.4,8.6,0.35,73,22,52,122,88,80,116,86,10.5,6.9,13.6,0.36,106,34,79,94,116,101,108,97,https://fbref.com/en/matches/80a08dab/Sassuolo-Venezia-October-23-2021-Serie-A,7.0,1.0,6.0,17.0,14.0,10.0,14.0,9.0,1.0,0.142857143,,,,,,,
10/23/21,Bologna,Milan,,74,H,27.77777778,,,,,,,,,,,,,,,,,,,,,,,,,,,,,,,,,,,,,,,,,,,,,,,,0.6,23.52,1.22,60.83,17.1,8,10.3,6.4,10.2,0.25,116,38,87,103,116,95,81,65,11.1,6.4,13.5,0.33,97,34,69,118,98,78,98,75,https://fbref.com/en/matches/03c04ac9/Bologna-Milan-October-23-2021-Serie-A,9.0,4.0,7.0,9.0,16.0,5.0,11.0,11.0,2.0,0.444444444,,,,,,,
10/23/21,Milan,Bologna,,74,A,46.34146341,,,,,,,,,,,,,,,,,,,,,,,,,,,,,,,,,,,,,,,,,,,,,,,,2.2,53.79,1.94,75.93,53.5,8,15.7,10.8,16.2,0.46,122,32,89,103,113,109,131,94,7.8,4.4,8.5,0.24,82,27,57,117,98,73,123,71,https://fbref.com/en/matches/03c04ac9/Bologna-Milan-October-23-2021-Serie-A,15.0,7.0,9.0,17.0,11.0,17.0,9.0,8.0,4.0,0.466666667,,,,,,,
10/24/21,Atalanta,Udinese,,75,H,68.42105263,,,,,,,,,,,,,,,,,,,,,,,,,,,,,,,,,,,,,,,,,,,,,,,,3.0,68.71,2.23,78.18,59.4,8,16.2,11.2,11.7,0.29,123,34,95,106,112,75,113,65,12.5,6.6,9.5,0.3,92,27,62,125,101,88,120,88,https://fbref.com/en/matches/884003bc/Atalanta-Udinese-October-24-2021-Serie-A,8.0,3.0,7.0,16.0,16.0,9.0,14.0,12.0,1.0,0.375,,,,,,,
10/24/21,Udinese,Atalanta,,75,A,11.76470588,,,,,,,,,,,,,,,,,,,,,,,,,,,,,,,,,,,,,,,,,,,,,,,,0.4,12.41,0.83,57.27,22.8,8,10.9,5.9,12.2,0.34,98,35,72,100,95,71,104,81,11.3,7.3,10.3,0.24,112,35,86,101,95,74,100,78,https://fbref.com/en/matches/884003bc/Atalanta-Udinese-October-24-2021-Serie-A,9.0,3.0,8.0,17.0,16.0,7.0,13.0,22.0,1.0,0.333333333,,,,,,,
10/24/21,Fiorentina,Cagliari,,76,H,57.57575758,,,,,,,,,,,,,,,,,,,,,,,,,,,,,,,,,,,,,,,,,,,,,,,,2.0,45.1,1.48,63.49,16.3,8,8.3,5.2,12.6,0.3,83,33,66,112,118,89,104,71,12.7,9.0,12.3,0.33,80,29,59,125,103,64,114,73,https://fbref.com/en/matches/055736cf/Fiorentina-Cagliari-October-24-2021-Serie-A,20.0,4.0,16.0,11.0,13.0,12.0,11.0,7.0,3.0,0.2,,,,,,,
10/24/21,Cagliari,Fiorentina,,76,A,19.04761905,,,,,,,,,,,,,,,,,,,,,,,,,,,,,,,,,,,,,,,,,,,,,,,,0.6,28.23,1.11,56.71,35.6,8,9.0,5.9,8.6,0.3,86,23,64,108,100,91,112,71,12.6,9.3,15.7,0.35,131,39,99,107,104,132,106,54,https://fbref.com/en/matches/055736cf/Fiorentina-Cagliari-October-24-2021-Serie-A,3.0,1.0,2.0,16.0,9.0,7.0,22.0,13.0,0.0,0.333333333,,,,,,,
10/24/21,Hellas Verona,Lazio,,77,H,31.25,,,,,,,,,,,,,,,,,,,,,,,,,,,,,,,,,,,,,,,,,,,,,,,,1.0,27.55,1.25,59.43,23.3,8,10.2,6.4,14.5,0.41,73,29,56,124,93,76,88,83,12.5,7.7,13.8,0.33,117,36,84,99,120,99,99,91,https://fbref.com/en/matches/451d86ac/Hellas-Verona-Lazio-October-24-2021-Serie-A,16.0,7.0,14.0,15.0,14.0,14.0,20.0,12.0,4.0,0.4375,,,,,,,
10/24/21,Lazio,Hellas Verona,,77,A,44.18604651,,,,,,,,,,,,,,,,,,,,,,,,,,,,,,,,,,,,,,,,,,,,,,,,2.0,48.04,1.72,71.21,43.1,8,13.2,8.2,16.9,0.31,101,43,79,93,89,86,87,80,12.1,8.5,12.6,0.36,108,30,84,91,89,100,116,81,https://fbref.com/en/matches/451d86ac/Hellas-Verona-Lazio-October-24-2021-Serie-A,9.0,4.0,7.0,17.0,13.0,13.0,20.0,8.0,1.0,0.444444444,,,,,,,
10/24/21,Roma,Napoli,,78,H,34.28571429,,,,,,,,,,,,,,,,,,,,,,,,,,,,,,,,,,,,,,,,,,,,,,,,1.2,29.8,1.34,71.26,59.4,8,14.6,10.2,14.6,0.32,135,40,100,102,100,90,101,81,8.8,6.6,8.2,0.25,77,33,63,105,96,68,94,81,https://fbref.com/en/matches/a99dbfea/Roma-Napoli-October-24-2021-Serie-A,13.0,1.0,13.0,14.0,10.0,12.0,13.0,18.0,0.0,0.076923077,,,,,,,
10/24/21,Napoli,Roma,,78,A,40.0,,,,,,,,,,,,,,,,,,,,,,,,,,,,,,,,,,,,,,,,,,,,,,,,1.6,45.94,1.72,80.32,73.7,8,15.4,8.1,16.7,0.29,121,46,92,83,114,72,87,82,4.8,3.7,4.4,0.18,71,24,53,121,77,78,115,71,https://fbref.com/en/matches/a99dbfea/Roma-Napoli-October-24-2021-Serie-A,11.0,2.0,9.0,10.0,13.0,13.0,1.0,10.0,0.0,0.181818182,,,,,,,
10/24/21,Inter,Juventus,,79,H,46.66666667,,,,,,,,,,,,,,,,,,,,,,,,,,,,,,,,,,,,,,,,,,,,,,,,2.1,46.35,1.82,81.9,70.0,8,17.0,10.9,17.3,0.34,120,46,91,112,83,97,80,76,11.2,6.5,9.7,0.24,104,34,82,87,107,83,128,62,https://fbref.com/en/matches/6b095912/Derby-dItalia-Internazionale-Juventus-October-24-2021-Serie-A,10.0,2.0,8.0,17.0,19.0,13.0,11.0,9.0,1.0,0.2,,,,,,,
10/24/21,Juventus,Inter,,79,A,28.57142857,,,,,,,,,,,,,,,,,,,,,,,,,,,,,,,,,,,,,,,,,,,,,,,,0.8,30.17,1.43,79.0,67.5,8,10.6,7.5,11.3,0.28,104,37,83,117,109,84,94,76,9.2,4.4,10.8,0.32,104,29,74,112,109,101,102,81,https://fbref.com/en/matches/6b095912/Derby-dItalia-Internazionale-Juventus-October-24-2021-Serie-A,15.0,3.0,8.0,19.0,15.0,11.0,18.0,8.0,1.0,0.2,,,,,,,
10/26/21,Spezia,Genoa,,80,H,37.93103448,,,,,,,,,,,,,,,,,,,,,,,,,,,,,,,,,,,,,,,,,,,,,,,,1.6,40.6,1.57,52.88,47.2,9,8.8,6.8,9.1,0.26,113,36,87,105,109,98,115,77,14.5,10.7,19.4,0.38,130,46,97,117,99,87,126,120,https://fbref.com/en/matches/e477f7a6/Spezia-Genoa-October-26-2021-Serie-A,13.0,3.0,8.0,15.0,17.0,14.0,16.0,22.0,1.0,0.230769231,,,,,,,
10/26/21,Genoa,Spezia,,80,A,35.0,,,,,,,,,,,,,,,,,,,,,,,,,,,,,,,,,,,,,,,,,,,,,,,,1.1,34.41,1.42,53.8,46.5,9,11.4,7.3,11.7,0.29,105,31,70,126,138,97,162,95,13.5,8.5,17.8,0.32,123,48,90,144,118,96,114,84,https://fbref.com/en/matches/e477f7a6/Spezia-Genoa-October-26-2021-Serie-A,8.0,1.0,3.0,17.0,15.0,9.0,25.0,18.0,1.0,0.125,,,,,,,
10/26/21,Venezia,Salernitana,,81,H,48.27586207,,,,,,,,,,,,,,,,,,,,,,,,,,,,,,,,,,,,,,,,,,,,,,,,2.0,42.54,1.36,50.82,50.3,9,8.8,6.9,9.3,0.37,80,23,58,137,99,90,130,95,12.5,8.6,16.8,0.38,120,41,89,105,131,111,122,102,https://fbref.com/en/matches/40261e2f/Venezia-Salernitana-October-26-2021-Serie-A,8.0,4.0,5.0,19.0,15.0,18.0,22.0,16.0,1.0,0.5,,,,,,,
10/26/21,Salernitana,Venezia,,81,A,25.0,,,,,,,,,,,,,,,,,,,,,,,,,,,,,,,,,,,,,,,,,,,,,,,,0.8,29.68,1.09,47.79,47.5,9,9.6,6.7,8.7,0.31,96,27,73,129,120,113,113,92,14.8,10.8,15.5,0.3,141,48,102,126,117,113,105,71,https://fbref.com/en/matches/40261e2f/Venezia-Salernitana-October-26-2021-Serie-A,21.0,7.0,13.0,16.0,19.0,15.0,14.0,8.0,2.0,0.333333333,,,,,,,
10/26/21,Milan,Torino,,82,H,60.0,,,,,,,,,,,,,,,,,,,,,,,,,,,,,,,,,,,,,,,,,,,,,,,,2.7,60.55,1.91,75.98,55.2,9,16.6,11.3,18.4,0.43,137,39,98,118,120,126,140,102,8.5,5.1,9.5,0.24,91,31,64,124,112,78,134,82,https://fbref.com/en/matches/c3a5ed16/Milan-Torino-October-26-2021-Serie-A,10.0,2.0,7.0,15.0,22.0,5.0,16.0,11.0,1.0,0.2,,,,,,,
10/26/21,Torino,Milan,,82,A,16.66666667,,,,,,,,,,,,,,,,,,,,,,,,,,,,,,,,,,,,,,,,,,,,,,,,0.1,17.07,0.9,62.48,13.9,9,11.0,9.5,11.8,0.33,124,36,93,171,94,108,133,72,10.0,6.5,9.9,0.31,79,24,57,101,166,80,81,72,https://fbref.com/en/matches/c3a5ed16/Milan-Torino-October-26-2021-Serie-A,13.0,2.0,12.0,22.0,15.0,12.0,14.0,8.0,0.0,0.153846154,,,,,,,
10/27/21,Juventus,Sassuolo,,83,H,67.74193548,,,,,,,,,,,,,,,,,,,,,,,,,,,,,,,,,,,,,,,,,,,,,,,,2.9,61.46,2.09,79.5,62.8,9,12.4,8.1,12.6,0.27,119,40,91,132,121,95,112,84,10.0,4.7,11.5,0.32,114,31,82,126,124,114,113,90,https://fbref.com/en/matches/0b43e330/Juventus-Sassuolo-October-27-2021-Serie-A,14.0,2.0,9.0,23.0,17.0,21.0,10.0,10.0,1.0,0.142857143,,,,,,,
10/27/21,Sassuolo,Juventus,,83,A,13.15789474,,,,,,,,,,,,,,,,,,,,,,,,,,,,,,,,,,,,,,,,,,,,,,,,0.4,17.47,1.02,65.68,22.4,9,12.8,9.2,14.3,0.29,126,47,87,109,121,76,107,61,13.8,10.1,9.6,0.26,129,30,96,128,104,124,111,86,https://fbref.com/en/matches/0b43e330/Juventus-Sassuolo-October-27-2021-Serie-A,8.0,4.0,6.0,18.0,20.0,8.0,13.0,8.0,2.0,0.5,,,,,,,
10/27/21,Sampdoria,Atalanta,,84,H,22.22222222,,,,,,,,,,,,,,,,,,,,,,,,,,,,,,,,,,,,,,,,,,,,,,,,0.8,20.89,1.13,60.19,17.5,9,9.9,7.0,9.7,0.29,109,30,79,118,106,140,144,92,13.8,9.6,15.6,0.32,132,48,99,113,113,101,115,78,https://fbref.com/en/matches/af5eee1e/Sampdoria-Atalanta-October-27-2021-Serie-A,8.0,3.0,7.0,16.0,18.0,2.0,21.0,13.0,1.0,0.375,,,,,,,
10/27/21,Atalanta,Sampdoria,,84,A,56.25,,,,,,,,,,,,,,,,,,,,,,,,,,,,,,,,,,,,,,,,,,,,,,,,2.2,56.93,1.99,77.32,57.7,9,16.6,11.6,11.8,0.27,131,37,102,121,127,84,127,77,13.4,7.0,9.9,0.28,101,30,70,140,115,95,133,110,https://fbref.com/en/matches/af5eee1e/Sampdoria-Atalanta-October-27-2021-Serie-A,13.0,4.0,12.0,19.0,15.0,11.0,13.0,5.0,3.0,0.307692308,,,,,,,
10/27/21,Udinese,Hellas Verona,,85,H,40.0,,,,,,,,,,,,,,,,,,,,,,,,,,,,,,,,,,,,,,,,,,,,,,,,1.7,37.32,1.34,58.51,23.0,9,11.8,6.3,12.7,0.33,107,38,80,115,109,78,117,103,11.7,7.7,10.4,0.23,120,38,93,116,110,83,114,90,https://fbref.com/en/matches/fef41792/Udinese-Hellas-Verona-October-27-2021-Serie-A,16.0,5.0,9.0,15.0,12.0,9.0,17.0,14.0,1.0,0.3125,,,,,,,
10/27/21,Hellas Verona,Udinese,,85,A,33.16831683,,,,,,,,,,,,,,,,,,,,,,,,,,,,,,,,,,,,,,,,,,,,,,,,0.9,35.78,1.3,61.95,15.3,9,13.0,9.2,18.3,0.43,89,36,70,136,105,90,108,95,13.4,8.5,14.3,0.31,126,40,91,114,130,112,119,99,https://fbref.com/en/matches/fef41792/Udinese-Hellas-Verona-October-27-2021-Serie-A,4.0,1.0,3.0,12.0,12.0,5.0,9.0,10.0,1.0,0.25,,,,,,,
10/27/21,Cagliari,Roma,,86,H,19.04761905,,,,,,,,,,,,,,,,,,,,,,,,,,,,,,,,,,,,,,,,,,,,,,,,0.8,23.66,1.17,54.16,38.8,9,9.3,6.1,8.6,0.29,89,24,66,123,109,98,134,84,15.8,11.2,18.3,0.36,151,43,115,118,117,144,117,61,https://fbref.com/en/matches/c2bd0034/Cagliari-Roma-October-27-2021-Serie-A,7.0,5.0,6.0,18.0,19.0,14.0,14.0,4.0,1.0,0.714285714,,,,,,,
10/27/21,Roma,Cagliari,,86,A,59.09090909,,,,,,,,,,,,,,,,,,,,,,,,,,,,,,,,,,,,,,,,,,,,,,,,2.1,53.01,1.86,71.76,46.1,9,15.6,11.2,14.6,0.31,148,41,113,116,110,102,114,99,9.7,7.4,8.3,0.24,88,35,72,115,110,81,95,91,https://fbref.com/en/matches/c2bd0034/Cagliari-Roma-October-27-2021-Serie-A,23.0,3.0,15.0,19.0,18.0,19.0,8.0,5.0,2.0,0.130434783,,,,,,,
10/27/21,Empoli,Inter,,87,H,16.12903226,,,,,,,,,,,,,,,,,,,,,,,,,,,,,,,,,,,,,,,,,,,,,,,,0.4,12.61,0.95,51.44,28.1,9,12.2,7.3,11.1,0.22,130,38,90,110,122,135,129,102,16.5,12.1,14.4,0.32,136,42,109,126,106,142,126,92,https://fbref.com/en/matches/6f2b0b60/Empoli-Internazionale-October-27-2021-Serie-A,9.0,1.0,6.0,22.0,13.0,9.0,12.0,7.0,0.0,0.111111111,,,,,,,
10/27/21,Inter,Empoli,,87,A,64.70588235,,,,,,,,,,,,,,,,,,,,,,,,,,,,,,,,,,,,,,,,,,,,,,,,2.8,69.91,2.46,81.47,49.8,9,17.8,11.2,17.9,0.34,130,48,99,126,98,110,91,85,12.9,7.0,11.0,0.23,119,37,90,102,119,94,146,70,https://fbref.com/en/matches/6f2b0b60/Empoli-Internazionale-October-27-2021-Serie-A,21.0,8.0,16.0,16.0,22.0,19.0,13.0,9.0,2.0,0.380952381,,,,,,,
10/27/21,Lazio,Fiorentina,,88,H,50.0,,,,,,,,,,,,,,,,,,,,,,,,,,,,,,,,,,,,,,,,,,,,,,,,2.4,45.69,1.58,68.58,36.2,9,14.1,9.0,17.3,0.3,110,47,86,108,99,99,107,88,14.9,11.2,16.4,0.4,124,37,98,103,101,114,136,93,https://fbref.com/en/matches/00bd9193/Lazio-Fiorentina-October-27-2021-Serie-A,5.0,2.0,5.0,17.0,12.0,13.0,25.0,8.0,1.0,0.4,,,,,,,
10/27/21,Fiorentina,Lazio,,88,A,25.0,,,,,,,,,,,,,,,,,,,,,,,,,,,,,,,,,,,,,,,,,,,,,,,,0.8,28.78,1.21,65.8,29.5,9,11.5,7.2,15.2,0.32,103,37,82,123,131,101,115,78,13.0,9.3,12.3,0.32,83,30,61,140,112,71,136,86,https://fbref.com/en/matches/00bd9193/Lazio-Fiorentina-October-27-2021-Serie-A,9.0,1.0,8.0,14.0,17.0,15.0,10.0,6.0,0.0,0.111111111,,,,,,,
10/28/21,Napoli,Bologna,,89,H,72.72727273,,,,,,,,,,,,,,,,,,,,,,,,,,,,,,,,,,,,,,,,,,,,,,,,3.2,67.93,2.23,80.0,67.4,9,16.3,8.9,16.7,0.28,132,48,101,93,128,85,88,92,5.9,4.8,4.4,0.18,84,25,66,135,87,90,128,89,https://fbref.com/en/matches/d1e97c1f/Napoli-Bologna-October-28-2021-Serie-A,16.0,4.0,15.0,20.0,3.0,16.0,9.0,10.0,3.0,0.25,,,,,,,
10/28/21,Bologna,Napoli,,89,A,10.0,,,,,,,,,,,,,,,,,,,,,,,,,,,,,,,,,,,,,,,,,,,,,,,,0.1,13.0,0.86,60.76,14.2,9,11.1,7.0,11.1,0.25,125,42,94,110,130,100,92,76,12.0,6.9,15.7,0.33,112,41,78,133,105,95,107,83,https://fbref.com/en/matches/d1e97c1f/Napoli-Bologna-October-28-2021-Serie-A,8.0,1.0,5.0,6.0,17.0,3.0,9.0,10.0,0.0,0.125,,,,,,,
10/30/21,Atalanta,Lazio,,90,H,51.28205128,,,,,,,,,,,,,,,,,,,,,,,,,,,,,,,,,,,,,,,,,,,,,,,,2.6,54.3,1.98,77.54,65.7,10,17.7,12.6,13.2,0.28,144,41,114,140,141,95,140,82,14.6,8.2,11.0,0.29,109,33,77,155,133,97,154,123,https://fbref.com/en/matches/a2dcd280/Atalanta-Lazio-October-30-2021-Serie-A,17.0,3.0,13.0,14.0,13.0,13.0,12.0,12.0,2.0,0.17647058823529413,,,,,,,
10/30/21,Lazio,Atalanta,,90,A,25.0,,,,,,,,,,,,,,,,,,,,,,,,,,,,,,,,,,,,,,,,,,,,,,,,1.0,23.3,1.23,68.72,46.1,10,14.6,9.6,18.2,0.3,115,49,91,124,109,112,132,96,15.5,11.8,16.4,0.39,133,38,106,114,117,129,146,99,https://fbref.com/en/matches/a2dcd280/Atalanta-Lazio-October-30-2021-Serie-A,8.0,5.0,4.0,15.0,14.0,0.0,13.0,5.0,2.0,0.625,,,,,,,
10/30/21,Hellas Verona,Juventus,,91,H,23.07692308,,,,,,,,,,,,,,,,,,,,,,,,,,,,,,,,,,,,,,,,,,,,,,,,0.7,20.59,1.06,62.03,11.8,10,13.9,9.2,19.3,0.42,93,37,73,148,115,95,117,105,14.7,9.3,16.3,0.32,142,45,100,127,142,121,136,113,https://fbref.com/en/matches/f91a95ea/Hellas-Verona-Juventus-October-30-2021-Serie-A,12.0,5.0,8.0,24.0,6.0,7.0,24.0,11.0,2.0,0.4166666666666667,,,,,,,
10/30/21,Juventus,Hellas Verona,,91,A,52.63157895,,,,,,,,,,,,,,,,,,,,,,,,,,,,,,,,,,,,,,,,,,,,,,,,2.4,56.49,1.9,78.8,57.2,10,13.6,9.1,13.1,0.27,133,42,100,153,135,116,122,94,11.3,5.8,13.6,0.35,122,35,88,141,142,122,126,98,https://fbref.com/en/matches/f91a95ea/Hellas-Verona-Juventus-October-30-2021-Serie-A,15.0,4.0,14.0,7.0,23.0,13.0,10.0,10.0,1.0,0.26666666666666666,,,,,,,
10/30/21,Torino,Sampdoria,,92,H,51.28205128,,,,,,,,,,,,,,,,,,,,,,,,,,,,,,,,,,,,,,,,,,,,,,,,1.5,43.02,1.43,63.11,15.7,10,11.7,10.2,11.9,0.31,137,38,105,192,108,120,147,80,10.8,6.7,10.9,0.32,89,26,64,115,187,85,97,83,https://fbref.com/en/matches/9941470f/Torino-Sampdoria-October-30-2021-Serie-A,16.0,5.0,11.0,20.0,10.0,7.0,8.0,4.0,3.0,0.3125,,,,,,,
10/30/21,Sampdoria,Torino,,92,A,23.80952381,,,,,,,,,,,,,,,,,,,,,,,,,,,,,,,,,,,,,,,,,,,,,,,,0.9,30.09,1.16,59.94,20.1,10,11.2,8.2,10.8,0.3,117,33,86,133,124,142,165,105,14.9,10.6,17.0,0.32,145,52,111,132,127,112,128,83,https://fbref.com/en/matches/9941470f/Torino-Sampdoria-October-30-2021-Serie-A,5.0,1.0,5.0,10.0,17.0,2.0,10.0,8.0,0.0,0.2,,,,,,,
10/31/21,Inter,Udinese,,93,H,73.33333333,,,,,,,,,,,,,,,,,,,,,,,,,,,,,,,,,,,,,,,,,,,,,,,,3.2,71.94,2.26,82.02,56.4,10,19.8,12.9,19.9,0.32,151,56,115,141,117,129,104,94,13.5,7.5,11.0,0.23,128,38,96,122,132,103,158,77,https://fbref.com/en/matches/fc09dd93/Internazionale-Udinese-October-31-2021-Serie-A,15.0,5.0,9.0,11.0,16.0,22.0,13.0,6.0,2.0,0.3333333333333333,,,,,,,
10/31/21,Udinese,Inter,,93,A,9.523809524,,,,,,,,,,,,,,,,,,,,,,,,,,,,,,,,,,,,,,,,,,,,,,,,0.0,10.16,0.72,58.65,19.5,10,13.1,7.1,14.7,0.33,123,43,89,128,121,87,134,117,12.5,7.8,11.5,0.22,124,39,96,128,120,88,123,100,https://fbref.com/en/matches/fc09dd93/Internazionale-Udinese-October-31-2021-Serie-A,9.0,5.0,7.0,16.0,10.0,8.0,13.0,11.0,0.0,0.5555555555555556,,,,,,,
10/31/21,Fiorentina,Spezia,,94,H,64.70588235,,,,,,,,,,,,,,,,,,,,,,,,,,,,,,,,,,,,,,,,,,,,,,,,1.8,50.52,1.59,65.94,17.9,10,12.1,7.8,15.3,0.31,112,38,90,134,147,116,125,84,13.5,9.8,13.2,0.33,88,32,66,156,122,84,161,94,https://fbref.com/en/matches/7d77c7d2/Fiorentina-Spezia-October-31-2021-Serie-A,26.0,11.0,20.0,10.0,22.0,21.0,9.0,11.0,3.0,0.4230769230769231,,,,,,,
10/31/21,Spezia,Fiorentina,,94,A,15.38461538,,,,,,,,,,,,,,,,,,,,,,,,,,,,,,,,,,,,,,,,,,,,,,,,0.6,23.69,1.01,53.35,40.3,10,10.8,8.5,9.6,0.26,126,39,95,117,125,112,131,99,15.7,10.9,20.4,0.38,138,47,100,133,111,96,151,138,https://fbref.com/en/matches/7d77c7d2/Fiorentina-Spezia-October-31-2021-Serie-A,3.0,0.0,2.0,23.0,10.0,2.0,11.0,11.0,0.0,0.0,,,,,,,
10/31/21,Genoa,Venezia,,95,H,48.48484848,,,,,,,,,,,,,,,,,,,,,,,,,,,,,,,,,,,,,,,,,,,,,,,,1.6,46.63,1.51,53.5,47.9,10,12.6,7.5,12.7,0.28,113,32,73,142,150,106,187,113,15.5,10.3,18.3,0.31,136,51,98,156,134,110,130,106,https://fbref.com/en/matches/8cf97f48/Genoa-Venezia-October-31-2021-Serie-A,19.0,4.0,12.0,16.0,15.0,22.0,15.0,13.0,0.0,0.21052631578947367,,,,,,,
10/31/21,Venezia,Genoa,,95,A,25.0,,,,,,,,,,,,,,,,,,,,,,,,,,,,,,,,,,,,,,,,,,,,,,,,0.7,26.88,1.08,48.89,47.9,10,9.3,7.2,9.7,0.33,88,27,63,154,112,108,152,111,13.8,9.6,18.2,0.35,141,48,102,118,148,126,136,110,https://fbref.com/en/matches/8cf97f48/Genoa-Venezia-October-31-2021-Serie-A,6.0,2.0,3.0,16.0,16.0,9.0,23.0,9.0,0.0,0.3333333333333333,,,,,,,
10/31/21,Sassuolo,Empoli,,96,H,57.14285714,,,,,,,,,,,,,,,,,,,,,,,,,,,,,,,,,,,,,,,,,,,,,,,,2.6,57.46,1.97,66.57,20.9,10,14.0,10.3,16.4,0.31,134,51,93,124,139,84,120,69,15.0,11.2,10.1,0.26,143,32,105,149,118,145,121,96,https://fbref.com/en/matches/742c034b/Sassuolo-Empoli-October-31-2021-Serie-A,15.0,5.0,11.0,20.0,15.0,13.0,12.0,8.0,1.0,0.3333333333333333,,,,,,,
10/31/21,Empoli,Sassuolo,,96,A,21.73913043,,,,,,,,,,,,,,,,,,,,,,,,,,,,,,,,,,,,,,,,,,,,,,,,0.7,20.28,1.09,50.76,33.7,10,12.7,7.8,11.1,0.22,139,39,96,130,135,144,141,109,18.5,13.8,16.5,0.31,157,50,125,141,125,161,139,101,https://fbref.com/en/matches/742c034b/Sassuolo-Empoli-October-31-2021-Serie-A,13.0,4.0,7.0,15.0,20.0,9.0,12.0,11.0,2.0,0.3076923076923077,,,,,,,
10/31/21,Salernitana,Napoli,,97,H,8.695652174,,,,,,,,,,,,,,,,,,,,,,,,,,,,,,,,,,,,,,,,,,,,,,,,0.1,11.88,0.8,49.58,43.2,10,10.9,7.7,10.1,0.29,117,34,86,142,137,128,127,100,15.3,11.2,15.9,0.29,149,52,107,143,130,131,127,87,https://fbref.com/en/matches/bef6bffd/Salernitana-Napoli-October-31-2021-Serie-A,9.0,2.0,5.0,10.0,14.0,10.0,13.0,8.0,0.0,0.2222222222222222,,,,,,,
10/31/21,Napoli,Salernitana,,97,A,75.0,,,,,,,,,,,,,,,,,,,,,,,,,,,,,,,,,,,,,,,,,,,,,,,,3.1,69.47,2.24,80.86,70.0,10,18.9,10.0,19.5,0.28,148,52,116,113,130,101,97,102,6.1,5.0,4.5,0.17,92,26,71,140,104,93,137,99,https://fbref.com/en/matches/bef6bffd/Salernitana-Napoli-October-31-2021-Serie-A,18.0,4.0,12.0,13.0,10.0,10.0,11.0,12.0,1.0,0.2222222222222222,,,,,,,
10/31/21,Roma,Milan,,98,H,42.30769231,,,,,,,,,,,,,,,,,,,,,,,,,,,,,,,,,,,,,,,,,,,,,,,,1.6,38.53,1.52,72.16,65.2,10,18.1,12.6,16.0,0.32,171,44,128,132,126,121,122,104,10.8,8.5,10.4,0.26,95,40,78,131,126,95,109,95,https://fbref.com/en/matches/7d80fa2c/Roma-Milan-October-31-2021-Serie-A,24.0,6.0,16.0,23.0,15.0,17.0,11.0,8.0,1.0,0.25,,,,,,,
10/31/21,Milan,Roma,,98,A,31.57894737,,,,,,,,,,,,,,,,,,,,,,,,,,,,,,,,,,,,,,,,,,,,,,,,1.6,36.46,1.48,75.61,53.3,10,17.4,11.4,19.3,0.44,147,41,105,132,141,131,156,113,9.3,5.8,9.6,0.23,104,33,76,145,126,90,148,90,https://fbref.com/en/matches/7d80fa2c/Roma-Milan-October-31-2021-Serie-A,7.0,2.0,4.0,14.0,22.0,6.0,10.0,7.0,2.0,0.2857142857142857,,,,,,,
11/1/21,Bologna,Cagliari,,99,H,54.28571429,,,,,,,,,,,,,,,,,,,,,,,,,,,,,,,,,,,,,,,,,,,,,,,,2.0,46.13,1.7,59.67,18.7,10,11.3,7.2,11.2,0.25,133,43,99,115,147,103,101,86,14.6,7.9,18.5,0.32,128,45,93,153,107,111,116,93,https://fbref.com/en/matches/22c2e561/Bologna-Cagliari-November-1-2021-Serie-A,8.0,3.0,6.0,13.0,10.0,14.0,10.0,6.0,2.0,0.375,,,,,,,
11/1/21,Cagliari,Bologna,,99,A,21.05263158,,,,,,,,,,,,,,,,,,,,,,,,,,,,,,,,,,,,,,,,,,,,,,,,1.2,29.43,1.32,53.61,41.5,10,10.4,7.2,10.7,0.31,96,29,72,139,125,112,148,88,18.2,12.6,19.6,0.37,174,46,130,134,133,163,125,66,https://fbref.com/en/matches/22c2e561/Bologna-Cagliari-November-1-2021-Serie-A,9.0,2.0,6.0,10.0,12.0,10.0,14.0,3.0,0.0,0.2222222222222222,,,,,,,
11/5/21,Empoli,Genoa,,100,H,47.61904761904761,,,,,,,,,,,,,,,,,,,,,,,,,,,,,,,,,,,,,,,,,,,,,,,,,38.01,1.43,52.03,30.0,11,14.3,8.4,12.8,0.22,152.0,43.0,103.0,142.0,151.0,153.0,153.0,120.0,19.5,14.7,17.2,0.3,172.0,55.0,136.0,157.0,137.0,174.0,151.0,109.0,,,,,,,,,,,,,,,,,,
11/5/21,Genoa,Empoli,,100,A,28.205128205128204,,,,,,,,,,,,,,,,,,,,,,,,,,,,,,,,,,,,,,,,,,,,,,,,,36.05,1.38,53.95,45.3,11,13.5,8.1,13.9,0.28,132.0,36.0,85.0,155.0,162.0,128.0,202.0,126.0,16.1,10.7,19.1,0.32,142.0,53.0,101.0,169.0,147.0,119.0,153.0,115.0,,,,,,,,,,,,,,,,,,
11/6/21,Spezia,Torino,,101,H,27.77777777777778,,,,,,,,,,,,,,,,,,,,,,,,,,,,,,,,,,,,,,,,,,,,,,,,,31.369999999999997,1.22,51.02,42.5,11,11.0,8.7,9.6,0.26,129.0,39.0,97.0,137.0,134.0,114.0,142.0,110.0,19.0,13.2,23.0,0.34,164.0,58.0,120.0,142.0,130.0,117.0,160.0,149.0,,,,,,,,,,,,,,,,,,
11/6/21,Torino,Spezia,,101,A,46.42857142857143,,,,,,,,,,,,,,,,,,,,,,,,,,,,,,,,,,,,,,,,,,,,,,,,,42.17,1.46,64.51,10.1,11,13.8,11.3,13.7,0.32,153.0,43.0,116.0,211.0,116.0,127.0,155.0,84.0,11.1,6.9,11.5,0.33,94.0,27.0,69.0,123.0,204.0,87.0,107.0,91.0,,,,,,,,,,,,,,,,,,
11/6/21,Juventus,Fiorentina,,102,H,60.24096385542168,,,,,,,,,,,,,,,,,,,,,,,,,,,,,,,,,,,,,,,,,,,,,,,,,56.489999999999995,1.75,78.66,65.4,11,14.5,9.9,14.6,0.28,148.0,46.0,114.0,161.0,156.0,129.0,132.0,104.0,12.8,6.3,15.2,0.35,134.0,40.0,96.0,163.0,149.0,129.0,150.0,109.0,,,,,,,,,,,,,,,,,,
11/6/21,Fiorentina,Juventus,,102,A,17.391304347826086,,,,,,,,,,,,,,,,,,,,,,,,,,,,,,,,,,,,,,,,,,,,,,,,,19.37,0.92,68.07,39.9,11,15.4,10.1,17.9,0.28,138.0,49.0,110.0,143.0,166.0,137.0,134.0,95.0,13.6,9.9,13.2,0.33,91.0,32.0,68.0,176.0,131.0,86.0,172.0,105.0,,,,,,,,,,,,,,,,,,
11/6/21,Cagliari,Atalanta,,103,H,15.384615384615385,,,,,,,,,,,,,,,,,,,,,,,,,,,,,,,,,,,,,,,,,,,,,,,,,17.83,1.06,53.01,43.9,11,10.8,7.5,11.1,0.3,105.0,31.0,78.0,148.0,135.0,122.0,162.0,91.0,19.2,13.6,21.2,0.38,182.0,49.0,136.0,145.0,142.0,177.0,135.0,72.0,,,,,,,,,,,,,,,,,,
11/6/21,Atalanta,Cagliari,,103,A,63.63636363636363,,,,,,,,,,,,,,,,,,,,,,,,,,,,,,,,,,,,,,,,,,,,,,,,,61.39,2.13,76.75,56.8,11,18.6,13.2,14.3,0.28,161.0,44.0,127.0,153.0,154.0,108.0,152.0,94.0,16.2,9.1,13.1,0.32,117.0,38.0,81.0,168.0,146.0,97.0,167.0,128.0,,,,,,,,,,,,,,,,,,
11/7/21,Venezia,Roma,,104,H,15.384615384615385,,,,,,,,,,,,,,,,,,,,,,,,,,,,,,,,,,,,,,,,,,,,,,,,,18.990000000000002,0.93,49.01,47.2,11,9.9,7.6,10.5,0.33,94.0,29.0,66.0,167.0,125.0,117.0,175.0,120.0,14.7,10.2,19.4,0.35,160.0,52.0,114.0,131.0,160.0,148.0,151.0,123.0,,,,,,,,,,,,,,,,,,
11/7/21,Roma,Venezia,,104,A,63.1578947368421,,,,,,,,,,,,,,,,,,,,,,,,,,,,,,,,,,,,,,,,,,,,,,,,,57.36,1.8,72.09,43.4,11,19.3,13.2,17.4,0.31,195.0,50.0,144.0,151.0,139.0,138.0,133.0,112.0,12.7,9.5,12.1,0.27,102.0,42.0,82.0,144.0,145.0,101.0,119.0,102.0,,,,,,,,,,,,,,,,,,
11/7/21,Sampdoria,Bologna,,105,H,41.17647058823529,,,,,,,,,,,,,,,,,,,,,,,,,,,,,,,,,,,,,,,,,,,,,,,,,40.33,1.5,58.58,29.2,11,11.4,8.4,11.5,0.31,122.0,34.0,91.0,141.0,141.0,144.0,175.0,113.0,16.9,11.6,18.8,0.32,161.0,57.0,122.0,151.0,135.0,119.0,136.0,87.0,,,,,,,,,,,,,,,,,,
11/7/21,Bologna,Sampdoria,,105,A,33.33333333333333,,,,,,,,,,,,,,,,,,,,,,,,,,,,,,,,,,,,,,,,,,,,,,,,,34.03,1.36,60.64,11.6,11,12.3,8.2,12.7,0.26,141.0,46.0,105.0,126.0,156.0,117.0,111.0,92.0,15.1,8.2,18.9,0.32,137.0,47.0,99.0,162.0,117.0,121.0,130.0,96.0,,,,,,,,,,,,,,,,,,
11/7/21,Udinese,Sassuolo,,106,H,40.74074074074074,,,,,,,,,,,,,,,,,,,,,,,,,,,,,,,,,,,,,,,,,,,,,,,,,33.52,1.29,58.15,24.3,11,13.6,7.4,15.0,0.31,132.0,48.0,96.0,139.0,130.0,95.0,147.0,128.0,14.6,8.8,13.0,0.24,139.0,44.0,105.0,137.0,131.0,110.0,136.0,106.0,,,,,,,,,,,,,,,,,,
11/7/21,Sassuolo,Udinese,,106,A,33.33333333333333,,,,,,,,,,,,,,,,,,,,,,,,,,,,,,,,,,,,,,,,,,,,,,,,,40.11,1.43,65.36,13.8,11,15.0,11.2,17.1,0.29,149.0,56.0,104.0,140.0,151.0,97.0,132.0,77.0,16.6,11.7,11.8,0.25,156.0,36.0,112.0,161.0,134.0,154.0,133.0,107.0,,,,,,,,,,,,,,,,,,
11/7/21,Lazio,Salernitana,,107,H,75.99999999999999,,,,,,,,,,,,,,,,,,,,,,,,,,,,,,,,,,,,,,,,,,,,,,,,,60.809999999999995,2.01,68.54,32.9,11,16.2,10.4,20.4,0.32,123.0,54.0,95.0,137.0,122.0,112.0,145.0,101.0,16.4,12.4,17.6,0.39,150.0,41.0,119.0,127.0,130.0,142.0,158.0,111.0,,,,,,,,,,,,,,,,,,
11/7/21,Salernitana,Lazio,,107,A,9.523809523809524,,,,,,,,,,,,,,,,,,,,,,,,,,,,,,,,,,,,,,,,,,,,,,,,,17.549999999999997,0.98,49.68,44.5,11,11.6,7.9,10.3,0.28,126.0,36.0,91.0,153.0,150.0,138.0,140.0,108.0,16.7,12.0,16.1,0.27,167.0,56.0,119.0,156.0,140.0,141.0,138.0,99.0,,,,,,,,,,,,,,,,,,
11/7/21,Napoli,Hellas Verona,,108,H,70.83333333333334,,,,,,,,,,,,,,,,,,,,,,,,,,,,,,,,,,,,,,,,,,,,,,,,,68.54,2.16,82.06,69.7,11,20.3,10.7,19.8,0.26,166.0,56.0,128.0,126.0,140.0,111.0,108.0,114.0,6.9,5.1,4.7,0.17,101.0,28.0,76.0,151.0,117.0,103.0,150.0,107.0,,,,,,,,,,,,,,,,,,
11/7/21,Hellas Verona,Napoli,,108,A,11.76470588235294,,,,,,,,,,,,,,,,,,,,,,,,,,,,,,,,,,,,,,,,,,,,,,,,,12.139999999999999,0.78,62.9,16.3,11,15.5,9.7,20.9,0.42,105.0,42.0,81.0,170.0,122.0,102.0,141.0,116.0,15.6,10.1,17.8,0.32,157.0,49.0,114.0,135.0,163.0,134.0,146.0,123.0,,,,,,,,,,,,,,,,,,
11/7/21,Milan,Inter,,109,H,32.25806451612903,,,,,,,,,,,,,,,,,,,,,,,,,,,,,,,,,,,,,,,,,,,,,,,,,30.23,1.4,75.36,73.7,11,19.3,12.4,21.1,0.43,154.0,43.0,109.0,145.0,160.0,137.0,166.0,120.0,10.5,6.4,11.0,0.23,128.0,39.0,92.0,164.0,139.0,107.0,159.0,98.0,,,,,,,,,,,,,,,,,,
11/7/21,Inter,Milan,,109,A,43.47826086956522,,,,,,,,,,,,,,,,,,,,,,,,,,,,,,,,,,,,,,,,,,,,,,,,,46.01,1.78,83.47,83.7,11,21.9,13.9,21.4,0.32,166.0,61.0,124.0,150.0,128.0,151.0,117.0,100.0,14.0,7.8,11.3,0.21,137.0,43.0,103.0,133.0,141.0,111.0,171.0,88.0,,,,,,,,,,,,,,,,,,
